id,german,russian,transcription,type,level,lesson,character,emotion,gesture
a2_07_Путешествие_A2_6,ankommen,прибывать,['ankomən],глагол,A2,07_Путешествие_A2,Корделия,ВОЗВРАЩЕНИЕ,Ступает на берег
a2_03_Предательство_семьи_A2_11,aufrichtig,искренний,[АУФ-рих-тих],прилагательное,A2,03_Предательство_семьи_A2,Корделия,Прямота,Прямой взгляд
a2_08_Поиск_A2_9,aufspüren,выслеживать,['aufʃpy:rən],глагол,A2,08_Поиск_A2,Регана,ЖЕСТОКОСТЬ,Целится
a2_01_Отец_и_дочери_A2_10,aufwachsen,вырастать,[АУФ-вак-сен],глагол,A2,01_Отец_и_дочери_A2,Корделия,Взросление,Рука вверх
a2_05_Страх_A2_6,bangen,тревожиться,[БАН-ген],глагол,A2,05_Страх_A2,Корделия,Беспокойство,Сжатые в тревоге руки
a2_08_Поиск_A2_11,begegnen,встречать,[bə'ge:gnən],глагол,A2,08_Поиск_A2,Лир,ИЗУМЛЕНИЕ,Удивлённый взгляд
a2_13_Прошлое_A2_8,bereuen,сожалеть,[bereuen],глагол,A2,13_Прошлое_A2,Лир,СКОРБЬ,Закрытое лицо
a2_12_Темница_A2_9,beten,молиться,[beten],глагол,A2,12_Темница_A2,Лир,СМИРЕНИЕ,Сложенные руки
a2_03_Предательство_семьи_A2_3,betrügen,обманывать,[бе-ТРЮ-ген],глагол,A2,03_Предательство_семьи_A2,Шут,Предупреждение,Фига в кармане
a2_04_Гнев_A2_10,brennen,гореть,[БРЕН-нен],глагол,A2,04_Гнев_A2,Лир,Внутренний огонь,Руки к сердцу
a2_02_Братья_A2_11,böse,злой,[БЁ-зе],прилагательное,A2,02_Братья_A2,Эдмунд,Злоба,Злобная ухмылка
a2_13_Прошлое_A2_4,damals,тогда,[damals],наречие,A2,13_Прошлое_A2,Корделия,ДОСТОИНСТВО,Сцепленные руки
a2_13_Прошлое_A2_10,das Alter,старость,[das alter],существительное,A2,13_Прошлое_A2,Лир,СЛАБОСТЬ,Дрожащая рука
a2_11_Лес_A2_8,das Blatt,лист,[das blat],существительное,A2,11_Лес_A2,Эдгар,МАСКИРОВКА,Накрывается листвой
a2_15_Будущее_A2_6,das Ende,конец,[das ende],существительное,A2,15_Будущее_A2,Лир,ФИНАЛ,Опущенная голова
a2_02_Братья_A2_3,das Erbe,наследство,[дас ЭР-бе],существительное,A2,02_Братья_A2,Эдмунд,Алчность,Загребущий жест
a2_10_Замок_A2_10,das Fenster,окно,[das 'fɛnstɐ],существительное,A2,10_Замок_A2,Шут,ПРОНИЦАТЕЛЬНОСТЬ,Выглядывает
a2_12_Темница_A2_6,das Fenster,окно,[das fenster],существительное,A2,12_Темница_A2,Лир,ТОСКА,Взгляд сквозь решётку
a2_12_Темница_A2_0,das Gefängnis,темница,[das gefengnis],существительное,A2,12_Темница_A2,Лир,ЗАТОЧЕНИЕ,Сжатые кулаки
a2_09_Письма_A2_4,das Geheimnis,тайна,[das gə'haɪmnɪs],существительное,A2,09_Письма_A2,Эдмунд,КОВАРСТВО,Палец к губам
a2_05_Страх_A2_5,das Grauen,кошмар,[дас ГРАУ-эн],существительное,A2,05_Страх_A2,Глостер,Отвращение от ужаса,Отшатывание
a2_06_Любовь_A2_1,das Herz,сердце,[das hɛrts],существительное,A2,06_Любовь_A2,Лир,БОЛЬ,Хватается за грудь
a2_15_Будущее_A2_5,das Schicksal,судьба,[das shiksal],существительное,A2,15_Будущее_A2,Лир,ПОКОРНОСТЬ,Взгляд в небо
a2_10_Замок_A2_0,das Schloss,замок,[das ʃlos],существительное,A2,10_Замок_A2,Лир,ВЕЛИЧИЕ,Обводит взглядом
a2_12_Темница_A2_4,das Schloss,замок,[das shloss],существительное,A2,12_Темница_A2,Стражник,БЕЗВЫХОДНОСТЬ,Поворот ключа
a2_14_Настоящее_A2_7,das Schwert,меч,[das shvert],существительное,A2,14_Настоящее_A2,Эдмунд,ВЫЗОВ,Обнажение меча
a2_10_Замок_A2_2,das Tor,ворота,[das to:r],существительное,A2,10_Замок_A2,Регана,ЖЕСТОКОСТЬ,Захлопывает
a2_15_Будущее_A2_7,der Anfang,начало,[der anfang],существительное,A2,15_Будущее_A2,Эдгар,ВОЗРОЖДЕНИЕ,Открытые ладони
a2_02_Братья_A2_2,der Bastard,бастард,[дер БАС-тард],существительное,A2,02_Братья_A2,Эдмунд,Озлобленность,Сжатый кулак
a2_11_Лес_A2_1,der Baum,дерево,[der baum],существительное,A2,11_Лес_A2,Эдгар,УКРЫТИЕ,Прижимается к стволу
a2_11_Лес_A2_5,der Blitz,молния,[der blɪts],существительное,A2,11_Лес_A2,Кент,ОЗАРЕНИЕ,Щурится от вспышки
a2_02_Братья_A2_4,der Brief,письмо,[дер БРИФ],существительное,A2,02_Братья_A2,Эдмунд,Коварство,Разворачивание свитка
a2_09_Письма_A2_0,der Brief,письмо,[der bri:f],существительное,A2,09_Письма_A2,Эдмунд,ЗАГОВОР,Прячет в карман
a2_02_Братья_A2_0,der Bruder,брат,[дер БРУ-дер],существительное,A2,02_Братья_A2,Эдмунд,Братство,Рукопожатие
a2_11_Лес_A2_4,der Donner,гром,[der 'donɐ],существительное,A2,11_Лес_A2,Лир,ЯРОСТЬ,Сжимает кулаки
a2_13_Прошлое_A2_2,der Fehler,ошибка,[der feiler],существительное,A2,13_Прошлое_A2,Лир,РАСКАЯНИЕ,Удар в грудь
a2_12_Темница_A2_2,der Gefangene,узник,[der gefangene],существительное,A2,12_Темница_A2,Стражник,ПОКОРНОСТЬ,Опущенная голова
a2_14_Настоящее_A2_6,der Kampf,битва,[der kampf],существительное,A2,14_Настоящее_A2,Герольд,ЯРОСТЬ,Удар мечом
a2_10_Замок_A2_8,der Kerker,темница,[der 'kɛrkɐ],существительное,A2,10_Замок_A2,Лир,ПРИМИРЕНИЕ,Обнимает Корделию
a2_06_Любовь_A2_3,der Kuss,поцелуй,[der kus],существительное,A2,06_Любовь_A2,Регана,ФАЛЬШЬ,Воздушный поцелуй
a2_14_Настоящее_A2_2,der Moment,момент,[der moment],существительное,A2,14_Настоящее_A2,Олбани,ОЖИДАНИЕ,Поднятая рука
a2_11_Лес_A2_11,der Pfad,тропа,[der pfa:t],существительное,A2,11_Лес_A2,Кент,СПАСЕНИЕ,Ведёт за собой
a2_11_Лес_A2_3,der Regen,дождь,[der 're:gən],существительное,A2,11_Лес_A2,Шут,СМИРЕНИЕ,Укрывается плащом
a2_10_Замок_A2_4,der Saal,зал,[der za:l],существительное,A2,10_Замок_A2,Лир,ТОРЖЕСТВЕННОСТЬ,Широкий жест
a2_05_Страх_A2_2,der Schrecken,ужас,[дер ШРЕК-кен],существительное,A2,05_Страх_A2,Эдгар,Оцепенение,Широко раскрытые глаза
a2_02_Братья_A2_1,der Sohn,сын,[дер ЗОН],существительное,A2,02_Братья_A2,Глостер,Отцовская гордость,Рука на плече
a2_07_Путешествие_A2_4,der Sturm,буря,[der ʃturm],существительное,A2,07_Путешествие_A2,Лир,ХАОС,Хватается за голову
a2_11_Лес_A2_2,der Sturm,буря,[der ʃturm],существительное,A2,11_Лес_A2,Лир,ВЫЗОВ,Воздевает руки к небу
a2_10_Замок_A2_6,der Thron,трон,[der tro:n],существительное,A2,10_Замок_A2,Лир,ОТРЕЧЕНИЕ,Встаёт с трона
a2_10_Замок_A2_3,der Turm,башня,[der turm],существительное,A2,10_Замок_A2,Глостер,ТРЕВОГА,Смотрит вверх
a2_01_Отец_и_дочери_A2_0,der Vater,отец,[дер ФА-тер],существительное,A2,01_Отец_и_дочери_A2,Лир,Отцовская гордость,Рука на сердце
a2_03_Предательство_семьи_A2_0,der Verrat,предательство,[дер фер-РАТ],существительное,A2,03_Предательство_семьи_A2,Лир,Измена,Нож в спину
a2_02_Братья_A2_8,der Wahnsinn,безумие,[дер ВАН-зин],существительное,A2,02_Братья_A2,Эдгар,Притворное безумие,Круги у виска
a2_11_Лес_A2_0,der Wald,лес,[der valt],существительное,A2,11_Лес_A2,Лир,СВОБОДА,Раскидывает руки
a2_07_Путешествие_A2_2,der Weg,путь,[der ve:k],существительное,A2,07_Путешествие_A2,Глостер,СУДЬБА,Указывает дорогу
a2_11_Лес_A2_7,der Wind,ветер,[der vɪnt],существительное,A2,11_Лес_A2,Лир,ПРОТИВОСТОЯНИЕ,Борется с порывами
a2_12_Темница_A2_8,der Wächter,стражник,[der vehter],существительное,A2,12_Темница_A2,Стражник,УГРОЗА,Рука на мече
a2_04_Гнев_A2_0,der Zorn,гнев,[дер ЦОРН],существительное,A2,04_Гнев_A2,Лир,Ярость,Сжатые кулаки
a2_05_Страх_A2_0,die Angst,страх,[ди АНГСТ],существительное,A2,05_Страх_A2,Лир,Трепет,Дрожащие руки
a2_09_Письма_A2_10,die Botschaft,послание,[di: 'bo:tʃaft],существительное,A2,09_Письма_A2,Шут,МУДРОСТЬ,Переворачивает лист
a2_10_Замок_A2_9,die Brücke,мост,[di: 'brʏkə],существительное,A2,10_Замок_A2,Эдгар,ПОБЕГ,Перебегает
a2_11_Лес_A2_10,die Dunkelheit,темнота,[di: 'duŋkəlhaɪt],существительное,A2,11_Лес_A2,Глостер,ПРОЗРЕНИЕ,Закрывает глаза
a2_12_Темница_A2_7,die Dunkelheit,темнота,[die dunkelheit],существительное,A2,12_Темница_A2,Корделия,СЛЕПОТА,Закрытые глаза
a2_06_Любовь_A2_10,die Eifersucht,ревность,[di: 'aɪfɐzuxt],существительное,A2,06_Любовь_A2,Гонерилья,ЗАВИСТЬ,Стискивает зубы
a2_13_Прошлое_A2_1,die Erinnerung,воспоминание,[die erinnerung],существительное,A2,13_Прошлое_A2,Глостер,ТОСКА,Рука у виска
a2_01_Отец_и_дочери_A2_2,die Familie,семья,[ди фа-МИ-лье],существительное,A2,01_Отец_и_дочери_A2,Лир,Семейные узы,Объятие
a2_09_Письма_A2_6,die Feder,перо,[di: 'fe:dɐ],существительное,A2,09_Письма_A2,Эдмунд,ФАЛЬСИФИКАЦИЯ,Макает в чернила
a2_10_Замок_A2_7,die Festung,крепость,[di: 'fɛstʊŋ],существительное,A2,10_Замок_A2,Эдмунд,АМБИЦИЯ,Сжимает кулак
a2_07_Путешествие_A2_8,die Flucht,побег,[di: fluxt],существительное,A2,07_Путешествие_A2,Глостер,СПАСЕНИЕ,Тайный жест
a2_12_Темница_A2_3,die Freiheit,свобода,[die freiheit],существительное,A2,12_Темница_A2,Лир,НАДЕЖДА,Взгляд в небо
a2_05_Страх_A2_7,die Furcht,боязнь,[ди ФУРХТ],существительное,A2,05_Страх_A2,Эдмунд,Скрытый страх,Маска храбрости
a2_07_Путешествие_A2_10,die Heimat,родина,[di: 'haɪmat],существительное,A2,07_Путешествие_A2,Корделия,ТОСКА,Прижимает руку к сердцу
a2_03_Предательство_семьи_A2_7,die Heuchelei,лицемерие,[ди ХОЙ-хе-лай],существительное,A2,03_Предательство_семьи_A2,Регана,Фальшь,Ангельское лицо
a2_15_Будущее_A2_11,die Hoffnung,надежда,[die hofnung],существительное,A2,15_Будущее_A2,Олбани,СВЕТ,Поднятый взгляд
a2_11_Лес_A2_6,die Hütte,хижина,[di: 'hʏtə],существительное,A2,11_Лес_A2,Глостер,МИЛОСЕРДИЕ,Указывает на дверь
a2_13_Прошлое_A2_9,die Jugend,молодость,[die jugent],существительное,A2,13_Прошлое_A2,Глостер,НОСТАЛЬГИЯ,Рука на сердце
a2_10_Замок_A2_5,die Kammer,"комната, покои",[di: 'kamɐ],существительное,A2,10_Замок_A2,Гонерилья,УНИЖЕНИЕ,Указывает в угол
a2_12_Темница_A2_1,die Ketten,цепи,[die ketten],существительное,A2,12_Темница_A2,Корделия,СВЯЗАННОСТЬ,Звон цепей
a2_06_Любовь_A2_7,die Leidenschaft,страсть,[di: 'laɪdənʃaft],существительное,A2,06_Любовь_A2,Эдмунд,ЖАЖДА,Сжатый кулак
a2_06_Любовь_A2_0,die Liebe,любовь,[di: 'li:bə],существительное,A2,06_Любовь_A2,Корделия,ИСКРЕННОСТЬ,Рука на сердце
a2_03_Предательство_семьи_A2_1,die Lüge,ложь,[ди ЛЮ-ге],существительное,A2,03_Предательство_семьи_A2,Кент,Обман,Маска лжи
a2_10_Замок_A2_1,die Mauer,стена,[di: 'mauɐ],существительное,A2,10_Замок_A2,Кент,ОПАСНОСТЬ,Прикасается к камню
a2_12_Темница_A2_5,die Mauer,стена,[die mauer],существительное,A2,12_Темница_A2,Корделия,ИЗОЛЯЦИЯ,Касание стены
a2_09_Письма_A2_3,die Nachricht,сообщение,[di: 'naxrɪçt],существительное,A2,09_Письма_A2,Освальд,ДОЛГ,Вручает послание
a2_05_Страх_A2_10,die Panik,паника,[ди ПА-ник],существительное,A2,05_Страх_A2,Эдгар,Безумный страх,Метание в панике
a2_02_Братья_A2_9,die Rache,месть,[ди РА-хе],существительное,A2,02_Братья_A2,Эдгар,Сдержанность,Меч в ножны
a2_04_Гнев_A2_7,die Rache,месть,[ди РА-хе],существительное,A2,04_Гнев_A2,Лир,Жажда возмездия,Поднятый меч
a2_07_Путешествие_A2_0,die Reise,путешествие,[di: 'raɪzə],существительное,A2,07_Путешествие_A2,Лир,СКИТАНИЕ,Показывает вдаль
a2_08_Поиск_A2_8,die Spur,след,[di: ʃpu:r],существительное,A2,08_Поиск_A2,Освальд,ОХОТА,Изучает землю
a2_08_Поиск_A2_3,die Suche,поиск,[di: 'zu:xə],существительное,A2,08_Поиск_A2,Глостер,НАДЕЖДА,Держит свечу
a2_09_Письма_A2_7,die Tinte,чернила,[di: 'tɪntə],существительное,A2,09_Письма_A2,Олбани,ПОДОЗРЕНИЕ,Проверяет пальцем
a2_01_Отец_и_дочери_A2_1,die Tochter,дочь,[ди ТОХ-тер],существительное,A2,01_Отец_и_дочери_A2,Корделия,Дочерний долг,Поклон дочери
a2_10_Замок_A2_11,die Treppe,лестница,[di: 'trɛpə],существительное,A2,10_Замок_A2,Глостер,ПРЕДЧУВСТВИЕ,Поднимается тяжело
a2_03_Предательство_семьи_A2_8,die Treue,верность,[ди ТРОЙ-е],существительное,A2,03_Предательство_семьи_A2,Кент,Преданность,Рука на мече
a2_06_Любовь_A2_5,die Treue,верность,[di: 'trɔyə],существительное,A2,06_Любовь_A2,Кент,ПРЕДАННОСТЬ,Рука на мече
a2_13_Прошлое_A2_0,die Vergangenheit,прошлое,[die fergangenheit],существительное,A2,13_Прошлое_A2,Лир,НОСТАЛЬГИЯ,Взгляд назад
a2_03_Предательство_семьи_A2_2,die Wahrheit,правда,[ди ВАР-хайт],существительное,A2,03_Предательство_семьи_A2,Корделия,Честность,Открытые ладони
a2_11_Лес_A2_9,die Wurzel,корень,[di: 'vurtsəl],существительное,A2,11_Лес_A2,Эдгар,ВЫЖИВАНИЕ,Выкапывает из земли
a2_04_Гнев_A2_2,die Wut,ярость,[ди ВУТ],существительное,A2,04_Гнев_A2,Лир,Неконтролируемый гнев,Удар кулаком
a2_13_Прошлое_A2_11,die Zeit,время,[die tsait],существительное,A2,13_Прошлое_A2,Эдмунд,НЕТЕРПЕНИЕ,Сжатый кулак
a2_15_Будущее_A2_0,die Zukunft,будущее,[die tsukunft],существительное,A2,15_Будущее_A2,Эдгар,НАДЕЖДА,Взгляд вперёд
a2_04_Гнев_A2_11,donnern,греметь,[ДОН-нерн],глагол,A2,04_Гнев_A2,Лир,Громоподобный гнев,Громовой голос
a2_02_Братья_A2_10,ehrlich,честный,[ЭР-лих],прилагательное,A2,02_Братья_A2,Эдгар,Искренность,Рука на сердце
a2_13_Прошлое_A2_5,einst,когда-то,[ainst],наречие,A2,13_Прошлое_A2,Эдгар,УТРАТА,Опущенные плечи
a2_08_Поиск_A2_4,entdecken,обнаруживать,[ɛnt'dɛkən],глагол,A2,08_Поиск_A2,Эдмунд,КОВАРСТВО,Хитрая улыбка
a2_03_Предательство_семьи_A2_9,enttäuschen,разочаровывать,[энт-ТОЙ-шен],глагол,A2,03_Предательство_семьи_A2,Лир,Горечь,Рука на сердце
a2_13_Прошлое_A2_7,erinnern,вспоминать,[erinnern],глагол,A2,13_Прошлое_A2,Шут,ИРОНИЯ,Жест шута
a2_08_Поиск_A2_7,erkennen,узнавать,[ɛr'kɛnən],глагол,A2,08_Поиск_A2,Глостер,ПРОЗРЕНИЕ,Прислушивается
a2_05_Страх_A2_3,erschrecken,пугать,[эр-ШРЕК-кен],глагол,A2,05_Страх_A2,Шут,Испуг,Внезапный жест
a2_01_Отец_и_дочери_A2_11,erziehen,воспитывать,[эр-ЦИ-эн],глагол,A2,01_Отец_и_дочери_A2,Лир,Отцовское наставление,Назидательный палец
a2_15_Будущее_A2_9,ewig,вечно,[evig],наречие,A2,15_Будущее_A2,Корделия,ВЕЧНОСТЬ,Круг руками
a2_04_Гнев_A2_9,explodieren,взрываться,[экс-пло-ДИ-рен],глагол,A2,04_Гнев_A2,Лир,Эмоциональный взрыв,Взрыв руками
a2_14_Настоящее_A2_9,fallen,падать,[fallen],глагол,A2,14_Настоящее_A2,Эдмунд,ПОРАЖЕНИЕ,Падение на колени
a2_03_Предательство_семьи_A2_10,falsch,фальшивый,[ФАЛЬШ],прилагательное,A2,03_Предательство_семьи_A2,Шут,Разоблачение,Стирание маски
a2_08_Поиск_A2_1,finden,находить,['fɪndən],глагол,A2,08_Поиск_A2,Корделия,РАДОСТЬ,Протягивает руки
a2_02_Братья_A2_6,fliehen,бежать,[ФЛИ-эн],глагол,A2,02_Братья_A2,Эдмунд,Паника,Указание на дверь
a2_07_Путешествие_A2_5,fliehen,бежать,['fli:ən],глагол,A2,07_Путешествие_A2,Эдгар,СТРАХ,Оглядывается в страхе
a2_04_Гнев_A2_3,fluchen,проклинать,[ФЛУ-хен],глагол,A2,04_Гнев_A2,Лир,Проклятие,Воздетые к небу руки
a2_13_Прошлое_A2_3,früher,раньше,[frü:er],наречие,A2,13_Прошлое_A2,Кент,ГОРЕЧЬ,Указание назад
a2_05_Страх_A2_1,fürchten,бояться,[ФЮРХ-тен],глагол,A2,05_Страх_A2,Глостер,Опасение,Прикрытие лица
a2_07_Путешествие_A2_3,gehen,идти,['ge:ən],глагол,A2,07_Путешествие_A2,Лир,ПОТЕРЯННОСТЬ,Тяжёлый шаг
a2_05_Страх_A2_11,grausam,жестокий,[ГРАУ-зам],прилагательное,A2,05_Страх_A2,Слуга,Ужас от зверства,Отворачивание от жестокости
a2_04_Гнев_A2_8,grimmig,свирепый,[ГРИМ-мих],прилагательное,A2,04_Гнев_A2,Лир,Звериная ярость,Оскал зубов
a2_01_Отец_и_дочери_A2_4,heiraten,выходить замуж,[ХАЙ-ра-тен],глагол,A2,01_Отец_и_дочери_A2,Корделия,Будущее замужество,Кольцо на палец
a2_06_Любовь_A2_6,heiraten,выходить замуж,['haɪratən],глагол,A2,06_Любовь_A2,Корделия,ЧЕСТНОСТЬ,Показывает кольцо
a2_14_Настоящее_A2_1,heute,сегодня,[hoite],наречие,A2,14_Настоящее_A2,Эдмунд,НАПРЯЖЕНИЕ,Сжатый кулак
a2_03_Предательство_семьи_A2_6,hintergehen,предавать исподтишка,[ХИН-тер-ге-эн],глагол,A2,03_Предательство_семьи_A2,Гонерилья,Коварство,Змеиное движение
a2_15_Будущее_A2_3,hoffen,надеяться,[hoffen],глагол,A2,15_Будущее_A2,Глостер,УПОВАНИЕ,Сложенные руки
a2_14_Настоящее_A2_0,jetzt,сейчас,[jetst],наречие,A2,14_Настоящее_A2,Эдгар,РЕШИМОСТЬ,Выхват меча
a2_14_Настоящее_A2_5,kämpfen,сражаться,[kempfen],глагол,A2,14_Настоящее_A2,Эдгар,ХРАБРОСТЬ,Боевая стойка
a2_09_Письма_A2_2,lesen,читать,['le:zən],глагол,A2,09_Письма_A2,Глостер,ТРЕВОГА,Разворачивает свиток
a2_01_Отец_и_дочери_A2_3,lieben,любить,[ЛИ-бен],глагол,A2,01_Отец_и_дочери_A2,Гонерилья,Признание в любви,Руки к сердцу
a2_06_Любовь_A2_2,lieben,любить,['li:bən],глагол,A2,06_Любовь_A2,Гонерилья,ЛИЦЕМЕРИЕ,Театральный поклон
a2_15_Будущее_A2_1,morgen,завтра,[morgen],наречие,A2,15_Будущее_A2,Корделия,МЕЧТА,Рука к сердцу
a2_15_Будущее_A2_8,niemals,никогда,[ni:mals],наречие,A2,15_Будущее_A2,Лир,ОТЧАЯНИЕ,Качание головой
a2_15_Будущее_A2_4,planen,планировать,[planen],глагол,A2,15_Будущее_A2,Гонерилья,РАСЧЁТ,Жест расчёта
a2_04_Гнев_A2_6,rasen,неистовствовать,[РА-зен],глагол,A2,04_Гнев_A2,Лир,Безумная ярость,Биение себя в грудь
a2_14_Настоящее_A2_11,retten,спасать,[retten],глагол,A2,14_Настоящее_A2,Эдмунд,РАСКАЯНИЕ,Указание рукой
a2_05_Страх_A2_9,schaudern,содрогаться,[ШАУ-дерн],глагол,A2,05_Страх_A2,Кент,Отвращение,Судорожная дрожь
a2_14_Настоящее_A2_4,schnell,быстро,[shnel],наречие,A2,14_Настоящее_A2,Кент,СПЕШКА,Бег
a2_09_Письма_A2_1,schreiben,писать,['ʃraɪbən],глагол,A2,09_Письма_A2,Гонерилья,СТРАСТЬ,Водит пером
a2_01_Отец_и_дочери_A2_7,sich trennen,расставаться,[зих ТРЕН-нен],глагол,A2,01_Отец_и_дочери_A2,Лир,Разрыв,Руки в стороны
a2_02_Братья_A2_7,sich verwandeln,превращаться,[зих фер-ВАН-дельн],глагол,A2,02_Братья_A2,Эдгар,Маскировка,Снятие маски
a2_14_Настоящее_A2_8,siegen,побеждать,[zi:gen],глагол,A2,14_Настоящее_A2,Эдмунд,УВЕРЕННОСТЬ,Поднятый меч
a2_12_Темница_A2_10,singen,петь,[zingen],глагол,A2,12_Темница_A2,Корделия,УТЕШЕНИЕ,Тихое пение
a2_14_Настоящее_A2_3,sofort,немедленно,[zofort],наречие,A2,14_Настоящее_A2,Гонерилья,ПАНИКА,Резкий приказ
a2_14_Настоящее_A2_10,sterben,умирать,[shterben],глагол,A2,14_Настоящее_A2,Лир,ОТЧАЯНИЕ,Прижатие к груди
a2_01_Отец_и_дочери_A2_6,streiten,ссориться,[ШТРАЙ-тен],глагол,A2,01_Отец_и_дочери_A2,Лир,Конфликт,Скрещенные руки
a2_07_Путешествие_A2_11,suchen,искать,['zu:xən],глагол,A2,07_Путешествие_A2,Кент,ПРЕДАННОСТЬ,Всматривается вдаль
a2_08_Поиск_A2_0,suchen,искать,['zu:xən],глагол,A2,08_Поиск_A2,Кент,ТРЕВОГА,Всматривается вдаль
a2_04_Гнев_A2_4,toben,бушевать,[ТО-бен],глагол,A2,04_Гнев_A2,Лир,Неистовство,Размахивание руками
a2_03_Предательство_семьи_A2_5,täuschen,обманывать видимостью,[ТОЙ-шен],глагол,A2,03_Предательство_семьи_A2,Эдмунд,Иллюзия,Фокус руками
a2_06_Любовь_A2_4,umarmen,обнимать,[um'armən],глагол,A2,06_Любовь_A2,Корделия,ПРОЩЕНИЕ,Раскрытые объятия
a2_09_Письма_A2_5,unterschreiben,подписывать,[untɐ'ʃraɪbən],глагол,A2,09_Письма_A2,Лир,ОТРЕЧЕНИЕ,Ставит подпись
a2_13_Прошлое_A2_6,vergessen,забывать,[fergessen],глагол,A2,13_Прошлое_A2,Лир,МУЧЕНИЕ,Качание головой
a2_06_Любовь_A2_11,verlassen,покидать,[fɛr'lasən],глагол,A2,06_Любовь_A2,Лир,ОДИНОЧЕСТВО,Отворачивается
a2_07_Путешествие_A2_7,verlassen,покидать,[fɛr'lasən],глагол,A2,07_Путешествие_A2,Кент,ИЗГНАНИЕ,Закрывает дверь
a2_08_Поиск_A2_2,verlieren,терять,[fɛr'li:rən],глагол,A2,08_Поиск_A2,Лир,ОПУСТОШЕНИЕ,Опускает руки
a2_08_Поиск_A2_10,vermissen,"скучать, недоставать",[fɛr'mɪsən],глагол,A2,08_Поиск_A2,Лир,ТОСКА,Прижимает руку к сердцу
a2_02_Братья_A2_5,verraten,предавать,[фер-РА-тен],глагол,A2,02_Братья_A2,Эдмунд,Предательство,Удар в спину
a2_09_Письма_A2_11,verraten,"предавать, выдавать",[fɛr'ra:tən],глагол,A2,09_Письма_A2,Эдгар,РАЗОБЛАЧЕНИЕ,Обнажает меч
a2_08_Поиск_A2_6,verschwinden,исчезать,[fɛr'ʃvɪndən],глагол,A2,08_Поиск_A2,Шут,ЗАГАДКА,Растворяется в тени
a2_09_Письма_A2_8,versiegeln,запечатывать,[fɛr'zi:gəln],глагол,A2,09_Письма_A2,Кент,ОФИЦИАЛЬНОСТЬ,Прикладывает печать
a2_08_Поиск_A2_5,verstecken,прятать,[fɛr'ʃtɛkən],глагол,A2,08_Поиск_A2,Эдгар,СТРАХ,Закрывает лицо
a2_01_Отец_и_дочери_A2_5,verstehen,понимать,[фер-ШТЕ-эн],глагол,A2,01_Отец_и_дочери_A2,Лир,Непонимание,Палец к виску
a2_03_Предательство_семьи_A2_4,vertrauen,доверять,[фер-ТРАУ-эн],глагол,A2,03_Предательство_семьи_A2,Лир,Наивность,Протянутая рука
a2_01_Отец_и_дочери_A2_9,verwandt,родственный,[фер-ВАНДТ],прилагательное,A2,01_Отец_и_дочери_A2,Лир,Кровные узы,Сплетенные пальцы
a2_01_Отец_и_дочери_A2_8,verzeihen,прощать,[фер-ЦАЙН],глагол,A2,01_Отец_и_дочери_A2,Корделия,Прощение,Ладони вместе
a2_06_Любовь_A2_9,verzeihen,прощать,[fɛr'tsaɪən],глагол,A2,06_Любовь_A2,Корделия,МИЛОСЕРДИЕ,Складывает руки
a2_12_Темница_A2_11,verzeihen,прощать,[fertsaien],глагол,A2,12_Темница_A2,Корделия,ПРОЩЕНИЕ,Объятие
a2_07_Путешествие_A2_1,wandern,скитаться,['vandɐn],глагол,A2,07_Путешествие_A2,Эдгар,ИЗГНАНИЕ,Шаги босиком
a2_15_Будущее_A2_10,weiterleben,жить дальше,[vaiterleben],глагол,A2,15_Будущее_A2,Кент,УСТАЛОСТЬ,Рука на груди
a2_15_Будущее_A2_2,werden,становиться,[verden],глагол,A2,15_Будущее_A2,Эдмунд,АМБИЦИЯ,Поднятая рука
a2_04_Гнев_A2_1,wütend,яростный,[ВЮ-тенд],прилагательное,A2,04_Гнев_A2,Лир,Бешенство,Раздувающиеся ноздри
a2_09_Письма_A2_9,zerreißen,разрывать,[tsɛr'raɪsən],глагол,A2,09_Письма_A2,Регана,ЯРОСТЬ,Рвёт на части
a2_05_Страх_A2_4,zittern,дрожать,[ЦИТ-терн],глагол,A2,05_Страх_A2,Лир,Озноб страха,Трясущееся тело
a2_07_Путешествие_A2_9,zurückkehren,возвращаться,[tsu'rʏkke:rən],глагол,A2,07_Путешествие_A2,Кент,ВЕРНОСТЬ,Снимает маску
a2_06_Любовь_A2_8,zärtlich,нежный,['tsɛrtlɪç],прилагательное,A2,06_Любовь_A2,Лир,НЕЖНОСТЬ,Гладит по голове
a2_04_Гнев_A2_5,zürnen,гневаться,[ЦЮР-нен],глагол,A2,04_Гнев_A2,Лир,Гнев на богов,Кулак к небу
a2_05_Страх_A2_8,ängstlich,боязливый,[ЭНГСТ-лих],прилагательное,A2,05_Страх_A2,Олбани,Скрытая трусость,Нервное потирание рук
b1_13_Битва_B1_7,angreifen,атаковать,[АН-грайф-ен],глагол,B1,13_Битва_B1,Эдмунд,АГРЕССИЯ,Бросок вперёд с оружием
b1_03_Изгнание_Корделии_B1_11,aufnehmen,принимать,[aufnemen],глагол,B1,03_Изгнание_Корделии_B1,Король Франции,ПРИНЯТИЕ,Протянутая рука
b1_09_Ослепление_Глостера_B1_3,ausreißen,вырывать,[ausraisen],глагол,B1,09_Ослепление_Глостера_B1,Корнуэл,САДИЗМ,Резкое движение
b1_03_Изгнание_Корделии_B1_10,bereuen,сожалеть,[bereuen],глагол,B1,03_Изгнание_Корделии_B1,Кент,ПРЕДУПРЕЖДЕНИЕ,Предупреждающий жест
b1_12_Прозрение_Лира_B1_4,bereuen,сожалеть,[бе-РОЙ-ен],глагол,B1,12_Прозрение_Лира_B1,Лир,РАСКАЯНИЕ,Удар кулаком в грудь
b1_05_Обман_Глостера_B1_5,beschuldigen,обвинять,[beshuldigen],глагол,B1,05_Обман_Глостера_B1,Эдмунд,КЛЕВЕТА,Обвиняющий палец
b1_06_Унижение_Лира_B1_4,betteln,"просить, умолять",[betteln],глагол,B1,06_Унижение_Лира_B1,Лир,ОТЧАЯНИЕ,Протянутые руки
b1_02_Испытание_любви_B1_9,beweisen,доказывать,[bevaizen],глагол,B1,02_Испытание_любви_B1,Лир,ТРЕБОВАНИЕ,Требовательный жест
b1_09_Ослепление_Глостера_B1_10,binden,связывать,[binden],глагол,B1,09_Ослепление_Глостера_B1,Регана,БЕСПОМОЩНОСТЬ,Стягивающие движения
b1_05_Обман_Глостера_B1_6,blind,слепой,[blind],прилагательное,B1,05_Обман_Глостера_B1,Глостер,ПРОЗРЕНИЕ,Руки закрывают глаза
b1_09_Ослепление_Глостера_B1_1,blind,слепой,[blind],прилагательное,B1,09_Ослепление_Глостера_B1,Глостер,МРАК,Руки перед лицом
b1_15_Смерть_Корделии_и_Лира_B1_8,brechen,разбиваться,[БРЕ-хен],глагол,B1,15_Смерть_Корделии_и_Лира_B1,Эдгар,КРУШЕНИЕ,Падение на колени
b1_09_Ослепление_Глостера_B1_4,das Blut,кровь,[das blut],существительное,B1,09_Ослепление_Глостера_B1,Глостер,АГОНИЯ,Касается лица
b1_14_Дуэль_братьев_B1_1,das Duell,дуэль,[ду-ЕЛЬ],существительное,B1,14_Дуэль_братьев_B1,Эдмунд,ПОЕДИНОК,Скрещенные клинки
b1_07_Буря_и_безумие_B1_9,das Elend,"нищета, бедствие",[das elend],существительное,B1,07_Буря_и_безумие_B1,Лир,ОСОЗНАНИЕ,Опущенная голова
b1_15_Смерть_Корделии_и_Лира_B1_5,das Ende,конец,[ЕН-де],существительное,B1,15_Смерть_Корделии_и_Лира_B1,Эдгар,ЗАВЕРШЕНИЕ,Взгляд в пустоту
b1_02_Испытание_любви_B1_7,das Erbe,наследство,[das erbe],существительное,B1,02_Испытание_любви_B1,Регана,АЛЧНОСТЬ,Жадный взгляд
b1_11_Примирение_с_Корделией_B1_9,das Erwachen,пробуждение,[дас ер-ВА-хен],существительное,B1,11_Примирение_с_Корделией_B1,Лир,ВОЗВРАЩЕНИЕ,Медленное поднятие головы
b1_06_Унижение_Лира_B1_2,das Gefolge,свита,[das gefolge],существительное,B1,06_Унижение_Лира_B1,Регана,ОТВЕРЖЕНИЕ,Отталкивающий жест
b1_15_Смерть_Корделии_и_Лира_B1_7,das Herz,сердце,[ХЕРЦ],существительное,B1,15_Смерть_Корделии_и_Лира_B1,Кент,РАЗРЫВ,Рука на сердце
b1_01_Тронный_зал_B1_1,das Königreich,королевство,[дас КЁ-них-райх],существительное,B1,01_Тронный_зал_B1,Лир,Щедрость,Развёртывание карты
b1_13_Битва_B1_1,das Schwert,меч,[ШВЕРТ],существительное,B1,13_Битва_B1,Солдат,ГОТОВНОСТЬ,Обнажение клинка
b1_10_Дуврские_скалы_B1_6,das Wunder,чудо,[das vunder],существительное,B1,10_Дуврские_скалы_B1,Эдгар,ИЗУМЛЕНИЕ,Воздевает руки
b1_06_Унижение_Лира_B1_1,demütigen,унижать,[demütigen],глагол,B1,06_Унижение_Лира_B1,Гонерилья,ПРЕЗРЕНИЕ,Презрительный взгляд сверху вниз
b1_10_Дуврские_скалы_B1_9,der Abgrund,пропасть,[der abgrund],существительное,B1,10_Дуврские_скалы_B1,Эдгар,ИЛЛЮЗИЯ,Показывает вниз
b1_15_Смерть_Корделии_и_Лира_B1_11,der Abschied,прощание,[АБ-шід],существительное,B1,15_Смерть_Корделии_и_Лира_B1,Лир,РАССТАВАНИЕ,Последний поцелуй
b1_01_Тронный_зал_B1_4,der Adel,знать,[дер А-дель],существительное,B1,01_Тронный_зал_B1,Кент,Почтение,Поклон знати
b1_04_Интрига_Эдмунда_B1_0,der Bastard,бастард,[der bastard],существительное,B1,04_Интрига_Эдмунда_B1,Эдмунд,РЕШИМОСТЬ,Сжатый кулак
b1_05_Обман_Глостера_B1_11,der Bastard,бастард,[der bastard],существительное,B1,05_Обман_Глостера_B1,Эдмунд,АМБИЦИЯ,Сжатый кулак
b1_08_Встреча_с_Томом_B1_0,der Bettler,нищий,[der bettler],существительное,B1,08_Встреча_с_Томом_B1,Эдгар-Том,НИЩЕТА,Протянутая рука за подаянием
b1_07_Буря_и_безумие_B1_7,der Blitz,молния,[der blits],существительное,B1,07_Буря_и_безумие_B1,Лир,ВЫЗОВ СУДЬБЕ,Раскинутые руки
b1_04_Интрига_Эдмунда_B1_2,der Brief,письмо,[der bri:f],существительное,B1,04_Интрига_Эдмунда_B1,Эдмунд,ОБМАН,Показ письма
b1_05_Обман_Глостера_B1_7,der Brief,письмо,[der brief],существительное,B1,05_Обман_Глостера_B1,Эдмунд,ФАЛЬШЬ,Протягивает письмо
b1_04_Интрига_Эдмунда_B1_8,der Bruder,брат,[der bru:der],существительное,B1,04_Интрига_Эдмунда_B1,Эдмунд,ЗАВИСТЬ,Ложное сожаление
b1_14_Дуэль_братьев_B1_8,der Bruder,брат,[БРУ-дер],существительное,B1,14_Дуэль_братьев_B1,Эдгар,ОТКРОВЕНИЕ,Снятие маски
b1_07_Буря_и_безумие_B1_1,der Donner,гром,[der donner],существительное,B1,07_Буря_и_безумие_B1,Лир,ЯРОСТЬ,Сжатый кулак к небу
b1_01_Тронный_зал_B1_3,der Hof,двор,[дер ХОФ],существительное,B1,01_Тронный_зал_B1,Глостер,Торжественность,Обведение взглядом
b1_12_Прозрение_Лира_B1_7,der Irrtum,заблуждение,[ІР-тум],существительное,B1,12_Прозрение_Лира_B1,Лир,ОТРЕЗВЛЕНИЕ,Разведение рук в стороны
b1_13_Битва_B1_2,der Krieg,война,[КРІК],существительное,B1,13_Битва_B1,Гонерилья,РАЗРУШЕНИЕ,Поднятое знамя
b1_06_Унижение_Лира_B1_10,der Narr,шут,[der narr],существительное,B1,06_Унижение_Лира_B1,Шут,ИРОНИЯ,Звенит бубенцами
b1_08_Встреча_с_Томом_B1_6,der Philosoph,философ,[der filozof],существительное,B1,08_Встреча_с_Томом_B1,Лир,МУДРОСТЬ БЕЗУМИЯ,Задумчивый жест
b1_04_Интрига_Эдмунда_B1_11,der Plan,план,[der plan],существительное,B1,04_Интрига_Эдмунда_B1,Эдмунд,ТРИУМФ,Потирание рук
b1_07_Буря_и_безумие_B1_8,der Regen,дождь,[der regen],существительное,B1,07_Буря_и_безумие_B1,Лир,ОЧИЩЕНИЕ,Лицо к небу
b1_15_Смерть_Корделии_и_Лира_B1_10,der Schmerz,боль,[ШМЕРЦ],существительное,B1,15_Смерть_Корделии_и_Лира_B1,Лир,МУЧЕНИЕ,Сжатые кулаки у груди
b1_10_Дуврские_скалы_B1_2,der Selbstmord,самоубийство,[der zelbstmord],существительное,B1,10_Дуврские_скалы_B1,Глостер,БЕЗЫСХОДНОСТЬ,Руки опущены
b1_13_Битва_B1_10,der Sieg,победа,[ЗІК],существительное,B1,13_Битва_B1,Эдмунд,ТОРЖЕСТВО,Поднятый меч к небу
b1_07_Буря_и_безумие_B1_0,der Sturm,буря,[der shturm],существительное,B1,07_Буря_и_безумие_B1,Лир,ВЫЗОВ,Руки к небу
b1_01_Тронный_зал_B1_0,der Thron,трон,[дер ТРОН],существительное,B1,01_Тронный_зал_B1,Лир,Царственность,Восседание на троне
b1_15_Смерть_Корделии_и_Лира_B1_0,der Tod,смерть,[ТОД],существительное,B1,15_Смерть_Корделии_и_Лира_B1,Лир,ФИНАЛЬНОСТЬ,Опущенная голова в скорби
b1_05_Обман_Глостера_B1_1,der Verrat,предательство,[der ferrat],существительное,B1,05_Обман_Глостера_B1,Эдмунд,КОВАРСТВО,Удар в спину
b1_09_Ослепление_Глостера_B1_9,der Verräter,предатель,[der ferräter],существительное,B1,09_Ослепление_Глостера_B1,Корнуэл,ОБВИНЕНИЕ,Обвиняющий палец
b1_08_Встреча_с_Томом_B1_9,der Verstand,разум,[der fershtand],существительное,B1,08_Встреча_с_Томом_B1,Лир,ПОТЕРЯ,Стучит по голове
b1_08_Встреча_с_Томом_B1_1,der Wahnsinn,безумие,[der vahnsinn],существительное,B1,08_Встреча_с_Томом_B1,Лир,ПОМЕШАТЕЛЬСТВО,Вращение глазами
b1_03_Изгнание_Корделии_B1_1,der Zorn,гнев,[der tsorn],существительное,B1,03_Изгнание_Корделии_B1,Лир,ЯРОСТЬ,Сжатые кулаки
b1_14_Дуэль_братьев_B1_3,der Zweikampf,поединок,[ЦВАЙ-кампф],существительное,B1,14_Дуэль_братьев_B1,Герольд,НАПРЯЖЕНИЕ,Боевая стойка
b1_13_Битва_B1_6,die Armee,армия,[ар-МЕ],существительное,B1,13_Битва_B1,Олбани,ЕДИНСТВО,Строй щитов
b1_09_Ослепление_Глостера_B1_0,die Augen,глаза,[die augen],существительное,B1,09_Ослепление_Глостера_B1,Корнуэл,УГРОЗА,Пальцы к глазам
b1_12_Прозрение_Лира_B1_11,die Demut,смирение,[ДЕ-мут],существительное,B1,12_Прозрение_Лира_B1,Лир,ПОКОРНОСТЬ,Склонённые колени
b1_09_Ослепление_Глостера_B1_6,die Dunkelheit,темнота,[die dunkelheit],существительное,B1,09_Ослепление_Глостера_B1,Глостер,ОТЧАЯНИЕ,Закрывает лицо
b1_08_Встреча_с_Томом_B1_2,die Dämonen,демоны,[die dämonen],существительное,B1,08_Встреча_с_Томом_B1,Том,СТРАХ,Отмахивается от невидимого
b1_14_Дуэль_братьев_B1_0,die Ehre,честь,[Е-ре],существительное,B1,14_Дуэль_братьев_B1,Эдгар,ВЫЗОВ,Бросок перчатки на землю
b1_12_Прозрение_Лира_B1_9,die Einsicht,прозрение,[АЙН-зіхт],существительное,B1,12_Прозрение_Лира_B1,Лир,ОЗАРЕНИЕ,Резкое вскидывание головы
b1_12_Прозрение_Лира_B1_3,die Erkenntnis,познание,[ер-КЕНТ-ніс],существительное,B1,12_Прозрение_Лира_B1,Лир,ГОРЬКОЕ ЗНАНИЕ,Руки сжимают голову
b1_08_Встреча_с_Томом_B1_10,die Finsternis,"тьма, мрак",[die finsternis],существительное,B1,08_Встреча_с_Томом_B1,Том,МРАК,Озирается в темноту
b1_09_Ослепление_Глостера_B1_2,die Folter,пытка,[die folter],существительное,B1,09_Ослепление_Глостера_B1,Регана,МУЧЕНИЕ,Связанные руки
b1_14_Дуэль_братьев_B1_9,die Gerechtigkeit,справедливость,[ге-РЕХ-тіх-кайт],существительное,B1,14_Дуэль_братьев_B1,Олбани,ВОЗМЕЗДИЕ,Поднятый меч правосудия
b1_09_Ослепление_Глостера_B1_11,die Gnade,милость,[die gnade],существительное,B1,09_Ослепление_Глостера_B1,Глостер,МОЛЬБА,Молящие руки
b1_06_Унижение_Лира_B1_5,die Grausamkeit,жестокость,[die grausamkeit],существительное,B1,06_Унижение_Лира_B1,Лир,ЯРОСТЬ,Сжатые в кулаки руки
b1_10_Дуврские_скалы_B1_8,die Höhe,высота,[die höhe],существительное,B1,10_Дуврские_скалы_B1,Эдгар,ПРЕУВЕЛИЧЕНИЕ,Измеряет взглядом
b1_07_Буря_и_безумие_B1_5,die Hütte,хижина,[die hütte],существительное,B1,07_Буря_и_безумие_B1,Кент,НАДЕЖДА,Указывает вдаль
b1_04_Интрига_Эдмунда_B1_1,die Intrige,интрига,[die intri:ge],существительное,B1,04_Интрига_Эдмунда_B1,Эдмунд,КОВАРСТВО,Плетущие руки
b1_14_Дуэль_братьев_B1_4,die Klinge,клинок,[КЛІН-ге],существительное,B1,14_Дуэль_братьев_B1,Эдмунд,УГРОЗА,Блеск обнажённой стали
b1_10_Дуврские_скалы_B1_0,die Klippe,утёс,[die klippe],существительное,B1,10_Дуврские_скалы_B1,Эдгар,ОБМАН ЛЮБВИ,Указывает вниз
b1_01_Тронный_зал_B1_2,die Krone,корона,[ди КРО-не],существительное,B1,01_Тронный_зал_B1,Лир,Усталость от власти,Снятие короны
b1_15_Смерть_Корделии_и_Лира_B1_2,die Leiche,труп,[ЛАЙ-хе],существительное,B1,15_Смерть_Корделии_и_Лира_B1,Кент,ТЯЖЕСТЬ,Несение тела на руках
b1_11_Примирение_с_Корделией_B1_5,die Liebe,любовь,[ді ЛІ-бе],существительное,B1,11_Примирение_с_Корделией_B1,Корделия,ПРЕДАННОСТЬ,Рука на сердце
b1_08_Встреча_с_Томом_B1_4,die Lumpen,лохмотья,[die lumpen],существительное,B1,08_Встреча_с_Томом_B1,Том,УБОЖЕСТВО,Показывает рваную одежду
b1_02_Испытание_любви_B1_4,die Lüge,ложь,[die lü:ge],существительное,B1,02_Испытание_любви_B1,Регана,КОВАРСТВО,Фальшивая улыбка
b1_05_Обман_Глостера_B1_8,die Lüge,ложь,[die lüge],существительное,B1,05_Обман_Глостера_B1,Эдмунд,ОБМАН,Лицемерная улыбка
b1_01_Тронный_зал_B1_9,die Macht,власть,[ди МАХТ],существительное,B1,01_Тронный_зал_B1,Лир,Раздел силы,Разведение рук
b1_03_Изгнание_Корделии_B1_7,die Mitgift,приданое,[die mitgift],существительное,B1,03_Изгнание_Корделии_B1,Лир,ЛИШЕНИЕ,Пустые карманы
b1_04_Интрига_Эдмунда_B1_6,die Natur,природа,[die natu:r],существительное,B1,04_Интрига_Эдмунда_B1,Эдмунд,ВЫЗОВ,Воздетые руки
b1_07_Буря_и_безумие_B1_10,die Natur,природа,[die natur],существительное,B1,07_Буря_и_безумие_B1,Лир,ЕДИНЕНИЕ,Объятия бури
b1_13_Битва_B1_11,die Niederlage,поражение,[НІ-дер-ла-ге],существительное,B1,13_Битва_B1,Корделия,ОТЧАЯНИЕ,Опущенное знамя
b1_02_Испытание_любви_B1_0,die Prüfung,испытание,[die prüfung],существительное,B1,02_Испытание_любви_B1,Лир,ВЛАСТНОСТЬ,Поднятый скипетр
b1_09_Ослепление_Глостера_B1_8,die Rache,месть,[die rahe],существительное,B1,09_Ослепление_Глостера_B1,Регана,ЗЛОРАДСТВО,Торжествующий жест
b1_11_Примирение_с_Корделией_B1_7,die Reue,раскаяние,[ді РОЙ-е],существительное,B1,11_Примирение_с_Корделией_B1,Лир,МУЧЕНИЕ,Кулак прижат к груди
b1_13_Битва_B1_3,die Schlacht,битва,[ШЛАХТ],существительное,B1,13_Битва_B1,Эдмунд,СТОЛКНОВЕНИЕ,Скрещенные мечи
b1_03_Изгнание_Корделии_B1_5,die Strafe,наказание,[die shtrafe],существительное,B1,03_Изгнание_Корделии_B1,Лир,ВОЗМЕЗДИЕ,Указующий перст
b1_11_Примирение_с_Корделией_B1_4,die Tochter,дочь,[ді ТОХ-тер],существительное,B1,11_Примирение_с_Корделией_B1,Лир,СОМНЕНИЕ,Неуверенное протягивание руки
b1_15_Смерть_Корделии_и_Лира_B1_9,die Trauer,скорбь,[ТРАУ-ер],существительное,B1,15_Смерть_Корделии_и_Лира_B1,Олбани,ГОРЕ,Закрытое лицо руками
b1_06_Унижение_Лира_B1_3,die Tränen,слёзы,[die tränen],существительное,B1,06_Унижение_Лира_B1,Лир,СТЫД,Вытирает глаза
b1_11_Примирение_с_Корделией_B1_1,die Tränen,слёзы,[ді ТРЕ-нен],существительное,B1,11_Примирение_с_Корделией_B1,Лир,РАСТРОГАННОСТЬ,Дрожащая рука к глазам
b1_06_Унижение_Лира_B1_0,die Undankbarkeit,неблагодарность,[die undankbarkeit],существительное,B1,06_Унижение_Лира_B1,Лир,БОЛЬ,Рука на сердце
b1_11_Примирение_с_Корделией_B1_11,die Vergebung,прощение,[ді фер-ГЕ-бунг],существительное,B1,11_Примирение_с_Корделией_B1,Корделия,ОТПУЩЕНИЕ,Благословляющий жест над головой
b1_05_Обман_Глостера_B1_2,die Verschwörung,заговор,[die fershvörung],существительное,B1,05_Обман_Глостера_B1,Глостер,ИНТРИГА,Скрещенные пальцы за спиной
b1_02_Испытание_любви_B1_3,die Wahrheit,правда,[die va:rhait],существительное,B1,02_Испытание_любви_B1,Корделия,ДОСТОИНСТВО,Прямой взгляд
b1_12_Прозрение_Лира_B1_1,die Wahrheit,правда,[ВАР-хайт],существительное,B1,12_Прозрение_Лира_B1,Лир,ОТКРОВЕНИЕ,Снятие невидимой повязки с глаз
b1_12_Прозрение_Лира_B1_5,die Weisheit,мудрость,[ВАЙС-хайт],существительное,B1,12_Прозрение_Лира_B1,Лир,ПРОСВЕТЛЕНИЕ,Задумчивое поглаживание бороды
b1_06_Унижение_Лира_B1_7,die Würde,достоинство,[die vürde],существительное,B1,06_Унижение_Лира_B1,Лир,ПОТЕРЯ,"Касается головы, где была корона"
b1_01_Тронный_зал_B1_7,die Zeremonie,церемония,[ди це-ре-МО-ни-е],существительное,B1,01_Тронный_зал_B1,Глостер,Ритуальность,Торжественный жест
b1_14_Дуэль_братьев_B1_11,enthüllen,разоблачать,[ент-ХЮЛ-ен],глагол,B1,14_Дуэль_братьев_B1,Эдгар,ПРАВДА,Срывание маски с лица
b1_02_Испытание_любви_B1_11,enttäuschen,разочаровывать,[enttoishen],глагол,B1,02_Испытание_любви_B1,Лир,РАЗОЧАРОВАНИЕ,Отвернувшееся лицо
b1_04_Интрига_Эдмунда_B1_9,erben,наследовать,[erben],глагол,B1,04_Интрига_Эдмунда_B1,Эдмунд,АЛЧНОСТЬ,Жадный взгляд
b1_15_Смерть_Корделии_и_Лира_B1_3,erhängen,вешать,[ер-ХЕН-ген],глагол,B1,15_Смерть_Корделии_и_Лира_B1,Лир,УЖАС,Руки к горлу
b1_08_Встреча_с_Томом_B1_5,erkennen,узнавать,[erkennen],глагол,B1,08_Встреча_с_Томом_B1,Глостер,СЛЕПОТА,Вглядывается в лицо
b1_11_Примирение_с_Корделией_B1_3,erkennen,узнавать,[ер-КЕ-нен],глагол,B1,11_Примирение_с_Корделией_B1,Лир,ПРОЗРЕНИЕ,Пристальный взгляд сквозь туман безумия
b1_12_Прозрение_Лира_B1_8,erwachen,пробуждаться,[ер-ВА-хен],глагол,B1,12_Прозрение_Лира_B1,Лир,ПРОБУЖДЕНИЕ,Медленное открытие глаз
b1_10_Дуврские_скалы_B1_4,fallen,падать,[fallen],глагол,B1,10_Дуврские_скалы_B1,Глостер,ИЛЛЮЗИЯ,Падает на землю
b1_13_Битва_B1_9,fallen,пасть,[ФАЛ-ен],глагол,B1,13_Битва_B1,Воин,ЖЕРТВА,Падение на колени
b1_01_Тронный_зал_B1_11,feierlich,торжественный,[ФАЙ-ер-лих],прилагательное,B1,01_Тронный_зал_B1,Герольд,Церемониальность,Фанфары
b1_05_Обман_Глостера_B1_4,fliehen,бежать,[fliehen],глагол,B1,05_Обман_Глостера_B1,Эдгар,ПАНИКА,Резкий поворот к выходу
b1_08_Встреча_с_Томом_B1_8,flüstern,шептать,[flüstern],глагол,B1,08_Встреча_с_Томом_B1,Том,ТАЙНА,Палец к губам
b1_03_Изгнание_Корделии_B1_6,fremd,чужой,[fremd],прилагательное,B1,03_Изгнание_Корделии_B1,Лир,ОТЧУЖДЕНИЕ,Отвернувшееся лицо
b1_07_Буря_и_безумие_B1_6,frieren,мёрзнуть,[frieren],глагол,B1,07_Буря_и_безумие_B1,Шут,ХОЛОД,Обхватывает себя руками
b1_04_Интрига_Эдмунда_B1_3,fälschen,подделывать,[felshen],глагол,B1,04_Интрига_Эдмунда_B1,Эдмунд,ПОДЛОГ,Пишущая рука
b1_10_Дуврские_скалы_B1_10,führen,вести,[füren],глагол,B1,10_Дуврские_скалы_B1,Эдгар,ПРОВОДНИК,Берёт под руку
b1_01_Тронный_зал_B1_10,gehorchen,повиноваться,[ге-ХОР-хен],глагол,B1,01_Тронный_зал_B1,Лир,Подчинение,Требовательный указ
b1_14_Дуэль_братьев_B1_7,gestehen,признаваться,[ге-ШТЕ-ен],глагол,B1,14_Дуэль_братьев_B1,Эдмунд,РАСКАЯНИЕ,Прижатая к груди рука
b1_04_Интрига_Эдмунда_B1_10,glauben,верить,[glauben],глагол,B1,04_Интрига_Эдмунда_B1,Глостер,ДОВЕРИЕ,Доверчивый кивок
b1_05_Обман_Глостера_B1_0,glauben,верить,[glauben],глагол,B1,05_Обман_Глостера_B1,Глостер,ПОТРЯСЕНИЕ,Дрожащие руки с письмом
b1_09_Ослепление_Глостера_B1_5,grausam,жестокий,[grauzam],прилагательное,B1,09_Ослепление_Глостера_B1,Слуга,УЖАС,Отшатывается
b1_15_Смерть_Корделии_и_Лира_B1_6,hauchen,дышать,[ХАУ-хен],глагол,B1,15_Смерть_Корделии_и_Лира_B1,Лир,ИЛЛЮЗИЯ,Перо у губ
b1_11_Примирение_с_Корделией_B1_8,heilen,исцелять,[ХАЙЛ-ен],глагол,B1,11_Примирение_с_Корделией_B1,Врач,НАДЕЖДА,Успокаивающее движение рукой
b1_14_Дуэль_братьев_B1_2,herausfordern,вызывать,[хер-АУС-фор-дерн],глагол,B1,14_Дуэль_братьев_B1,Эдгар,ОБВИНЕНИЕ,Указание мечом на противника
b1_01_Тронный_зал_B1_6,herrschen,править,[ХЕРР-шен],глагол,B1,01_Тронный_зал_B1,Лир,Власть,Скипетр в руке
b1_06_Унижение_Лира_B1_6,hinauswerfen,выгонять,[hinausverfen],глагол,B1,06_Унижение_Лира_B1,Гонерилья,БЕЗЖАЛОСТНОСТЬ,Указывает на дверь
b1_12_Прозрение_Лира_B1_6,klar,ясный,[КЛАР],прилагательное,B1,12_Прозрение_Лира_B1,Лир,ПРОСВЕТЛЕНИЕ,Взгляд устремлён вверх
b1_13_Битва_B1_0,kämpfen,сражаться,[КЕМПФ-ен],глагол,B1,13_Битва_B1,Эдгар,ОТВАГА,Взмах мечом над головой
b1_10_Дуврские_скалы_B1_7,leben,жить,[leben],глагол,B1,10_Дуврские_скалы_B1,Глостер,УДИВЛЕНИЕ,Рука на сердце
b1_02_Испытание_любви_B1_1,lieben,любить,[li:ben],глагол,B1,02_Испытание_любви_B1,Гонерилья,ЛЕСТЬ,Рука на сердце
b1_07_Буря_и_безумие_B1_4,nackt,"голый, нагой",[nakt],прилагательное,B1,07_Буря_и_безумие_B1,Лир,ПРОЗРЕНИЕ,Срывает одежду
b1_03_Изгнание_Корделии_B1_3,nichts,ничто,[nihts],местоимение,B1,03_Изгнание_Корделии_B1,Корделия,ПУСТОТА,Пустые руки
b1_06_Унижение_Лира_B1_9,nichts,ничего,[nichts],местоимение,B1,06_Унижение_Лира_B1,Регана,ПУСТОТА,Круг пальцами - ноль
b1_01_Тронный_зал_B1_8,prächtig,великолепный,[ПРЭХ-тих],прилагательное,B1,01_Тронный_зал_B1,Придворный,Восхищение,Восхищённый взгляд
b1_04_Интрига_Эдмунда_B1_7,rechtmäßig,законный,[rehtmesig],прилагательное,B1,04_Интрига_Эдмунда_B1,Глостер,ПРАВО,Указание на старшего
b1_10_Дуврские_скалы_B1_5,retten,спасать,[retten],глагол,B1,10_Дуврские_скалы_B1,Эдгар,ЗАБОТА,Поддерживает отца
b1_14_Дуэль_братьев_B1_10,rächen,мстить,[РЕ-хен],глагол,B1,14_Дуэль_братьев_B1,Эдгар,МЕСТЬ,Сжатый кулак у сердца
b1_11_Примирение_с_Корделией_B1_10,sanft,нежный,[ЗАНФТ],прилагательное,B1,11_Примирение_с_Корделией_B1,Корделия,ЗАБОТА,Лёгкое поглаживание по руке
b1_07_Буря_и_безумие_B1_3,schreien,кричать,[shraien],глагол,B1,07_Буря_и_безумие_B1,Лир,ОТЧАЯНИЕ,Запрокинутая голова
b1_09_Ослепление_Глостера_B1_7,schreien,кричать,[shraien],глагол,B1,09_Ослепление_Глостера_B1,Глостер,БОЛЬ,Откинутая голова
b1_12_Прозрение_Лира_B1_10,schuldig,виновный,[ШУЛЬ-діх],прилагательное,B1,12_Прозрение_Лира_B1,Лир,ВИНА,Опущенная голова в стыде
b1_02_Испытание_любви_B1_10,schweigen,молчать,[shvaigen],глагол,B1,02_Испытание_любви_B1,Корделия,СДЕРЖАННОСТЬ,Сжатые губы
b1_02_Испытание_любви_B1_5,schwören,клясться,[shvø:ren],глагол,B1,02_Испытание_любви_B1,Гонерилья,ФАЛЬШЬ,Поднятая рука
b1_12_Прозрение_Лира_B1_2,sehen,видеть,[ЗЕ-ен],глагол,B1,12_Прозрение_Лира_B1,Лир,ЯСНОВИДЕНИЕ,Широко раскрытые глаза
b1_13_Битва_B1_4,siegen,побеждать,[ЗІ-ген],глагол,B1,13_Битва_B1,Регана,ТРИУМФ,Поднятый кулак победы
b1_02_Испытание_любви_B1_2,sprechen,говорить,[shprehen],глагол,B1,02_Испытание_любви_B1,Корделия,ЧЕСТНОСТЬ,Опущенный взгляд
b1_10_Дуврские_скалы_B1_1,springen,прыгать,[shpringen],глагол,B1,10_Дуврские_скалы_B1,Глостер,ОТЧАЯНИЕ,Шаг вперёд
b1_14_Дуэль_братьев_B1_6,sterben,умирать,[ШТЕР-бен],глагол,B1,14_Дуэль_братьев_B1,Эдмунд,АГОНИЯ,Рука на ране
b1_15_Смерть_Корделии_и_Лира_B1_1,sterben,умирать,[ШТЕР-бен],глагол,B1,15_Смерть_Корделии_и_Лира_B1,Лир,УТРАТА,Прижимание к груди
b1_02_Испытание_любви_B1_6,teilen,делить,[tailen],глагол,B1,02_Испытание_любви_B1,Лир,РЕШЕНИЕ,Жест деления
b1_04_Интрига_Эдмунда_B1_4,täuschen,обманывать,[toishen],глагол,B1,04_Интрига_Эдмунда_B1,Эдмунд,ПРИТВОРСТВО,Невинное лицо
b1_05_Обман_Глостера_B1_9,täuschen,обманывать,[täushen],глагол,B1,05_Обман_Глостера_B1,Эдмунд,ХИТРОСТЬ,Змеиные движения рук
b1_10_Дуврские_скалы_B1_3,täuschen,обманывать,[täushen],глагол,B1,10_Дуврские_скалы_B1,Эдгар,БЛАГОЙ ОБМАН,Театральный жест
b1_14_Дуэль_братьев_B1_5,töten,убивать,[ТЬО-тен],глагол,B1,14_Дуэль_братьев_B1,Эдмунд,ФАТАЛЬНОСТЬ,Смертельный выпад
b1_11_Примирение_с_Корделией_B1_2,umarmen,обнимать,[ум-АР-мен],глагол,B1,11_Примирение_с_Корделией_B1,Корделия,ВОССОЕДИНЕНИЕ,Раскрытые объятия дочери
b1_05_Обман_Глостера_B1_10,unschuldig,невинный,[unshuldig],прилагательное,B1,05_Обман_Глостера_B1,Эдгар,НЕВИННОСТЬ,Раскрытые ладони
b1_03_Изгнание_Корделии_B1_9,verbannen,изгнать,[ferbannen],глагол,B1,03_Изгнание_Корделии_B1,Лир,ИЗГНАНИЕ,Рука указывает прочь
b1_05_Обман_Глостера_B1_3,verdächtigen,подозревать,[ferdächtigen],глагол,B1,05_Обман_Глостера_B1,Глостер,НЕДОВЕРИЕ,Прищуренный взгляд
b1_03_Изгнание_Корделии_B1_2,verfluchen,проклинать,[ferflukhen],глагол,B1,03_Изгнание_Корделии_B1,Лир,ПРОКЛЯТИЕ,Поднятая рука
b1_01_Тронный_зал_B1_5,verkünden,провозглашать,[фер-КЮН-ден],глагол,B1,01_Тронный_зал_B1,Лир,Властность,Поднятый скипетр
b1_03_Изгнание_Корделии_B1_4,verlassen,покидать,[ferlassen],глагол,B1,03_Изгнание_Корделии_B1,Корделия,УХОД,Шаг назад
b1_13_Битва_B1_5,verlieren,проигрывать,[фер-ЛІ-рен],глагол,B1,13_Битва_B1,Корделия,ТРЕВОГА,Опущенная голова
b1_04_Интрига_Эдмунда_B1_5,verraten,предавать,[ferraten],глагол,B1,04_Интрига_Эдмунда_B1,Эдмунд,ПРЕДАТЕЛЬСТВО,Удар в спину
b1_06_Унижение_Лира_B1_11,verrückt,сумасшедший,[ferrückt],прилагательное,B1,06_Унижение_Лира_B1,Лир,БЕЗУМИЕ,Хватается за голову
b1_02_Испытание_любви_B1_8,verstehen,понимать,[fershtehen],глагол,B1,02_Испытание_любви_B1,Лир,НЕПОНИМАНИЕ,Недоумение
b1_12_Прозрение_Лира_B1_0,verstehen,понимать,[фер-ШТЕ-ен],глагол,B1,12_Прозрение_Лира_B1,Лир,ОСОЗНАНИЕ,Ладонь ко лбу в озарении
b1_08_Встреча_с_Томом_B1_3,verstellen,притворяться,[fershtellen],глагол,B1,08_Встреча_с_Томом_B1,Эдгар,МАСКИРОВКА,Меняет выражение лица
b1_03_Изгнание_Корделии_B1_0,verstoßen,изгонять,[fershto:sen],глагол,B1,03_Изгнание_Корделии_B1,Лир,ОТВЕРЖЕНИЕ,Отталкивающий жест
b1_03_Изгнание_Корделии_B1_8,verteidigen,защищать,[fertaidigen],глагол,B1,03_Изгнание_Корделии_B1,Кент,ЗАЩИТА,Шаг вперёд
b1_13_Битва_B1_8,verteidigen,защищать,[фер-ТАЙ-ді-ген],глагол,B1,13_Битва_B1,Кент,ВЕРНОСТЬ,Щит перед собой
b1_11_Примирение_с_Корделией_B1_0,verzeihen,прощать,[фер-ЦАЙН],глагол,B1,11_Примирение_с_Корделией_B1,Корделия,МИЛОСЕРДИЕ,Нежное прикосновение к щеке отца
b1_10_Дуврские_скалы_B1_11,verzweifeln,отчаиваться,[fertsvaifeln],глагол,B1,10_Дуврские_скалы_B1,Глостер,БЕЗНАДЁЖНОСТЬ,Опущенная голова
b1_07_Буря_и_безумие_B1_2,wahnsinnig,безумный,[vahnsinnig],прилагательное,B1,07_Буря_и_безумие_B1,Лир,ПОМУТНЕНИЕ,Круговые движения у виска
b1_08_Встреча_с_Томом_B1_11,weinen,плакать,[vainen],глагол,B1,08_Встреча_с_Томом_B1,Глостер,СКОРБЬ,Прячет лицо
b1_11_Примирение_с_Корделией_B1_6,weinen,плакать,[ВАЙ-нен],глагол,B1,11_Примирение_с_Корделией_B1,Лир,ОСВОБОЖДЕНИЕ,Слёзы стекают по морщинам
b1_07_Буря_и_безумие_B1_11,zerbrechen,разбиваться,[tserbrehen],глагол,B1,07_Буря_и_безумие_B1,Лир,РАСПАД,Хватается за голову
b1_06_Унижение_Лира_B1_8,zittern,дрожать,[tsittern],глагол,B1,06_Унижение_Лира_B1,Лир,БЕШЕНСТВО,Трясущиеся руки
b1_08_Встреча_с_Томом_B1_7,zittern,дрожать,[tsittern],глагол,B1,08_Встреча_с_Томом_B1,Том,ХОЛОД,Трясущееся тело
b1_15_Смерть_Корделии_и_Лира_B1_4,zu spät,слишком поздно,[цу ШПЕТ],наречие,B1,15_Смерть_Корделии_и_Лира_B1,Эдмунд,БЕЗНАДЁЖНОСТЬ,Отчаянный взмах рукой
thematic_власть_11,abdanken,зрікатися,[абданкен],дієслово,THEMATIC,власть,Лір,ВТОМА,знімає корону
thematic_входывыходы_5,ankommen,прибувати,[анкомен],дієслово,THEMATIC,входывыходы,Корделія,ПОВЕРНЕННЯ,ступає на берег
thematic_богатствонищета_1,arm,бідний,[арм],прикметник,THEMATIC,богатствонищета,Едгар,ЖАЛЮГІДНІСТЬ,тремтить від холоду
thematic_жизньсмерть_6,atmen,дихати,[атмен],дієслово,THEMATIC,жизньсмерть,Лір,ВІДЧАЙ,підносить перо до губ Корделії
thematic_власть_3,befehlen,наказувати,[бефелен],дієслово,THEMATIC,власть,Регана,ДЕСПОТИЗМ,вказує перстом владно
thematic_финал_8,begraben,ховати,[беґрабен],дієслово,THEMATIC,финал,Едгар,ПОХОРОН,несе труну
thematic_безумие_7,begreifen,постигать,[бе-ГРАЙ-фен],глагол,THEMATIC,безумие,Лир,Осознание,Палец к виску
thematic_безумиемудрость_6,begreifen,постигать,[bəˈgraɪfən],глагол,THEMATIC,безумиемудрость,Лир,ОСОЗНАНИЕ,Озарение в глазах
thematic_видетьипонимать_5,begreifen,осягати,[беґрайфен],дієслово,THEMATIC,видетьипонимать,Едгар,УСВІДОМЛЕННЯ,торкається чола в роздумах
thematic_глаголы_8_слов_9,bereuen,шкодувати,[беройен],дієслово,THEMATIC,глаголы_8_слов,Лір,КАЯТТЯ,б'є себе в груди
thematic_богатствонищета_9,besitzen,володіти,[безітцен],дієслово,THEMATIC,богатствонищета,Едмунд,АМБІЦІЯ,стискає кулаки владно
thematic_глаголы_8_слов_5,betrügen,обманювати,[бетрюґен],дієслово,THEMATIC,глаголы_8_слов,Едмунд,ПІДСТУП,ховає кинджал
thematic_богатствонищета_4,betteln,жебракувати,[бетельн],дієслово,THEMATIC,богатствонищета,Лір,ПРИНИЖЕННЯ,простягає руки благально
thematic_видетьипонимать_1,blind,сліпий,[блінд],прикметник,THEMATIC,видетьипонимать,Лір,ПРОЗРІННЯ,закриває очі руками
thematic_характеры_8,blind,сліпий,[блінд],прикметник,THEMATIC,характеры,Глостер,ПРОЗРІННЯ,торкається очей
thematic_характеры_10,böse,злий,[бьозе],прикметник,THEMATIC,характеры,Едмунд,ЗЛО,усміхається зловісно
thematic_домизгнание_11,das Asyl,притулок,[дас азюль],іменник,THEMATIC,домизгнание,Лір,ПОТРЕБА,стукає в двері
thematic_богатствонищета_7,das Eigentum,власність,[дас айґентум],іменник,THEMATIC,богатствонищета,Регана,ЗАХЛАННІСТЬ,хапає повітря жадібно
thematic_финал_0,das Ende,кінець,[дас енде],іменник,THEMATIC,финал,Едгар,ЗАВЕРШЕННЯ,схиляє голову
thematic_семья_9,das Erbe,спадок,[дас ербе],іменник,THEMATIC,семья,Регана,ЖАДОБА,рахує гроші
thematic_домизгнание_5,das Exil,вигнання,[дас екзіль],іменник,THEMATIC,домизгнание,Кент,ВИГНАННЯ,накидає плащ мандрівника
thematic_богатствонищета_2,das Gold,золото,[дас ґольд],іменник,THEMATIC,богатствонищета,Гонерілья,ЖАДІБНІСТЬ,стискає уявні монети
thematic_жизньсмерть_7,das Grab,могила,[дас ґраб],іменник,THEMATIC,жизньсмерть,Едгар,СКОРБОТА,схиляє голову
thematic_властьпредательство_6,das Komplott,змова,[дас комплот],іменник,THEMATIC,властьпредательство,Едмунд,ІНТРИГА,плете пальцями павутину
thematic_жизньсмерть_3,das Leben,життя,[дас лебен],іменник,THEMATIC,жизньсмерть,Корделія,ЦІННІСТЬ,торкається серця
thematic_эмоции_11,das Mitleid,співчуття,[дас мітляйд],іменник,THEMATIC,эмоции,Едгар,МИЛОСЕРДЯ,простягає руку
thematic_власть_5,das Reich,королівство,[дас райх],іменник,THEMATIC,власть,Лір,КРАХ,розводить руки безпорадно
thematic_безумиемудрость_11,das Rätsel,загадка,[ˈʁɛːtsəl],существительное,THEMATIC,безумиемудрость,Шут,ТАЙНА,Загадочная улыбка
thematic_финал_11,das Schicksal,доля,[дас шіксаль],іменник,THEMATIC,финал,Едгар,ФАТУМ,дивиться в небо
thematic_послания_5,das Siegel,печатка,[дас зіґель],іменник,THEMATIC,послания,Едмунд,ПІДРОБКА,показує печатку
thematic_природа_8,das Tier,звір,[дас тір],іменник,THEMATIC,природа,Лір,ДИКІСТЬ,риче по-звірячому
thematic_входывыходы_3,das Tor,ворота,[дас тор],іменник,THEMATIC,входывыходы,Лір,ВІДЧАЙ,б'є в ворота кулаками
thematic_природастихия_6,das Unwetter,негода,[дас унветер],іменник,THEMATIC,природастихия,Глостер,ЗАГРОЗА,дивиться на небо
thematic_путь_9,das Ziel,мета,[дас ціль],іменник,THEMATIC,путь,Едмунд,ЖАДОБА,дивиться на трон
thematic_домизгнание_0,das Zuhause,дім,[дас цухаузе],іменник,THEMATIC,домизгнание,Лір,ВТРАТА,озирається розгублено
thematic_природастихия_8,der Abgrund,безодня,[дер абґрунд],іменник,THEMATIC,природастихия,Глостер,ВІДЧАЙ,дивиться вниз
thematic_финал_4,der Abschied,прощання,[дер абшід],іменник,THEMATIC,финал,Кент,ПРОЩАННЯ,знімає шолом
thematic_входывыходы_8,der Ausgang,вихід,[дер аусґанґ],іменник,THEMATIC,входывыходы,Едгар,ПОШУК,шукає вихід з безумства
thematic_богатствонищета_5,der Bettler,жебрак,[дер бетлер],іменник,THEMATIC,богатствонищета,Глостер,РОЗПАЧ,схиляється в покорі
thematic_видетьипонимать_6,der Blick,погляд,[дер блік],іменник,THEMATIC,видетьипонимать,Кент,ТРИВОГА,дивиться з тривогою
thematic_природа_2,der Blitz,блискавка,[дер бліц],іменник,THEMATIC,природа,Лір,ВИКЛИК,вказує на небо
thematic_послания_6,der Bote,посланець,[дер боте],іменник,THEMATIC,послания,Освальд,СЛУЖІННЯ,схиляється з листом
thematic_послания_0,der Brief,лист,[дер бріф],іменник,THEMATIC,послания,Едмунд,ОБМАН,показує підроблений лист
thematic_семейныеузы_4,der Bruder,брат,[дер брудер],іменник,THEMATIC,семейныеузы,Едмунд,ЗРАДА,стискає кинджал
thematic_природа_3,der Donner,грім,[дер донер],іменник,THEMATIC,природа,Блазень,СТРАХ,затуляє вуха
thematic_входывыходы_7,der Eingang,вхід,[дер айнґанґ],іменник,THEMATIC,входывыходы,Блазень,ІРОНІЯ,вказує на голову
thematic_домизгнание_7,der Fremde,чужинець,[дер фремде],іменник,THEMATIC,домизгнание,Кент,ЧУЖІСТЬ,ховає обличчя
thematic_эмоции_2,der Hass,ненависть,[дер хас],іменник,THEMATIC,эмоции,Едмунд,ЗЛОБА,стискає зуби
thematic_власть_6,der Herrscher,правитель,[дер гершер],іменник,THEMATIC,власть,Блазень,ІРОНІЯ,показує порожні кишені
thematic_природа_7,der Himmel,небо,[дер хімель],іменник,THEMATIC,природа,Лір,СКОРБОТА,дивиться вгору
thematic_безумие_2,der Narr,дурак/шут,[дер НАР],существительное,THEMATIC,безумие,Шут,Мудрость в безумии,Колпак с бубенцами
thematic_безумиемудрость_4,der Narr,дурак/шут,[naʁ],существительное,THEMATIC,безумиемудрость,Шут,ПАРАДОКС,Звон бубенцов
thematic_путь_0,der Pfad,стежка,[дер пфад],іменник,THEMATIC,путь,Едгар,НЕВІДОМІСТЬ,пробирається крізь хащі
thematic_природа_4,der Regen,дощ,[дер реґен],іменник,THEMATIC,природа,Кент,ХОЛОД,накриває голову
thematic_богатствонищета_11,der Reichtum,багатство,[дер райхтум],іменник,THEMATIC,богатствонищета,Блазень,ІРОНІЯ,закриває очі руками
thematic_богатствонищета_3,der Schatz,скарб,[дер шатц],іменник,THEMATIC,богатствонищета,Корделія,ЩИРІСТЬ,притискає руку до серця
thematic_путь_6,der Schritt,крок,[дер шріт],іменник,THEMATIC,путь,Глостер,СТРАХ,ступає обережно
thematic_семейныеузы_3,der Sohn,син,[дер зон],іменник,THEMATIC,семейныеузы,Глостер,БАТЬКІВСТВО,називає з гордістю
thematic_семейныеузы_11,der Stammbaum,родовід,[дер штамбаум],іменник,THEMATIC,семейныеузы,Едмунд,КІНЕЦЬ РОДУ,рубає повітря
thematic_природа_1,der Sturm,буря,[дер штурм],іменник,THEMATIC,природа,Лір,БЕЗУМСТВО,кричить у небо
thematic_власть_2,der Thron,трон,[дер трон],іменник,THEMATIC,власть,Едмунд,ЖАДОБА,дивиться на трон жадібно
thematic_жизньсмерть_2,der Tod,смерть,[дер тод],іменник,THEMATIC,жизньсмерть,Едмунд,НЕМИНУЧІСТЬ,закриває очі
thematic_финал_1,der Tod,смерть,[дер тод],іменник,THEMATIC,финал,Лір,ЗВІЛЬНЕННЯ,закриває очі
thematic_семейныеузы_0,der Vater,батько,[дер фатер],іменник,THEMATIC,семейныеузы,Лір,ВЛАДНІСТЬ,б'є себе в груди
thematic_властьпредательство_1,der Verrat,зрада,[дер феррат],іменник,THEMATIC,властьпредательство,Глостер,БІЛЬ,хапається за серце
thematic_властьпредательство_2,der Verräter,зрадник,[дер ферретер],іменник,THEMATIC,властьпредательство,Регана,ЖОРСТОКІСТЬ,вказує на ешафот
thematic_безумиемудрость_7,der Verstand,рассудок,[fɛɐˈʃtant],существительное,THEMATIC,безумиемудрость,Лир,РАСПАД,Хватание за голову
thematic_безумие_8,der Wahn,бред,[дер ВАН],существительное,THEMATIC,безумие,Лир,Сомнение в реальности,Трение глаз
thematic_безумие_0,der Wahnsinn,безумие,[дер ВАН-зин],существительное,THEMATIC,безумие,Лир,Помутнение рассудка,Руки к голове
thematic_безумиемудрость_0,der Wahnsinn,безумие,[ˈvaːnzɪn],существительное,THEMATIC,безумиемудрость,Лир,ПОМЕШАТЕЛЬСТВО,Круговые движения у виска
thematic_путешествиескитания_3,der Weg,шлях,[дер веґ],іменник,THEMATIC,путешествиескитания,Блазень,ІРОНІЯ,показує в темряву
thematic_природа_5,der Wind,вітер,[дер вінд],іменник,THEMATIC,природа,Едгар,СИЛ А,хитається від вітру
thematic_эмоции_0,der Zorn,гнів,[дер цорн],іменник,THEMATIC,эмоции,Лір,ЛЮТЬ,потрясає кулаками
thematic_семья_11,die Ahnen,предки,[ді анен],іменник,THEMATIC,семья,Лір,ПРОКЛЯТТЯ,дивиться вгору
thematic_эмоции_3,die Angst,страх,[ді анґст],іменник,THEMATIC,эмоции,Едгар,ТРИВОГА,озирається
thematic_богатствонищета_10,die Armut,бідність,[ді армут],іменник,THEMATIC,богатствонищета,Кент,МУДРІСТЬ,схиляє голову смиренно
thematic_видетьипонимать_3,die Augen,очі,[ді ауґен],іменник,THEMATIC,видетьипонимать,Регана,ЖОРСТОКІСТЬ,вказує на очі жорстоко
thematic_семейныеузы_6,die Blutsbande,кровні узи,[ді блутсбанде],іменник,THEMATIC,семейныеузы,Лір,РОЗРИВ,рве невидимі нитки
thematic_эмоции_10,die Eifersucht,ревнощі,[ді айферзухт],іменник,THEMATIC,эмоции,Гонерілья,ЗАЗДРІСТЬ,дивиться з заздрістю
thematic_семья_1,die Eltern,батьки,[ді ельтерн],іменник,THEMATIC,семья,Гонерілья,ЗНЕВАГА,махає зневажливо
thematic_семейныеузы_8,die Erbschaft,спадщина,[ді ербшафт],іменник,THEMATIC,семейныеузы,Регана,ЖАДІБНІСТЬ,хапає жадібно
thematic_природа_6,die Erde,земля,[ді ерде],іменник,THEMATIC,природа,Глостер,ТРИВОГА,торкається землі
thematic_безумие_10,die Erleuchtung,озарение,[ди эр-ЛОЙХ-тунг],существительное,THEMATIC,безумие,Лир,Внезапное понимание,Вспышка в глазах
thematic_семья_0,die Familie,сім'я,[ді фаміліє],іменник,THEMATIC,семья,Лір,РОЗПАД,розводить руки
thematic_путешествиескитания_9,die Ferne,далечінь,[ді ферне],іменник,THEMATIC,путешествиескитания,Корделія,ТУГА,дивиться на горизонт
thematic_природастихия_5,die Finsternis,темрява,[ді фінстерніс],іменник,THEMATIC,природастихия,Едгар,МРАК,закриває очі
thematic_путешествиескитания_5,die Flucht,втеча,[ді флухт],іменник,THEMATIC,путешествиескитания,Глостер,БЕЗВИХІДЬ,показує на очі
thematic_эмоции_4,die Freude,радість,[ді фройде],іменник,THEMATIC,эмоции,Лір,ВТРАТА,згадує минуле
thematic_семья_10,die Generation,покоління,[ді ґенераціон],іменник,THEMATIC,семья,Едгар,ФІНАЛ,дивиться в майбутнє
thematic_финал_10,die Gerechtigkeit,справедливість,[ді ґерехтіґкайт],іменник,THEMATIC,финал,Олбані,ПРАВОСУДДЯ,піднімає руку
thematic_домизгнание_2,die Heimat,батьківщина,[ді хаймат],іменник,THEMATIC,домизгнание,Корделія,ТУГА,дивиться на горизонт
thematic_власть_10,die Herrschaft,панування,[ді гершафт],іменник,THEMATIC,власть,Едгар,НАДІЯ,дивиться на схід сонця
thematic_эмоции_7,die Hoffnung,надія,[ді хофнунґ],іменник,THEMATIC,эмоции,Корделія,ВІРА,дивиться вгору
thematic_природа_9,die Höhle,печера,[ді хьоле],іменник,THEMATIC,природа,Едгар,ПРИТУЛОК,вказує на халупу
thematic_властьпредательство_9,die Intrige,інтрига,[ді інтріґе],іменник,THEMATIC,властьпредательство,Едмунд,РОЗРАХУНОК,пересуває фігури на дошці
thematic_семья_2,die Kinder,діти,[ді кіндер],іменник,THEMATIC,семья,Лір,БІЛЬ,хапається за серце
thematic_безумие_6,die Klarheit,ясность,[ди КЛАР-хайт],существительное,THEMATIC,безумие,Лир,Прозрение,Прояснение взгляда
thematic_путь_10,die Kreuzung,перехрестя,[ді кройцунґ],іменник,THEMATIC,путь,Лір,ВИБІР,дивиться на всі боки
thematic_власть_7,die Krone,корона,[ді кроне],іменник,THEMATIC,власть,Лір,ТЯГАР,торкається голови стомлено
thematic_природастихия_10,die Kälte,холод,[ді кельте],іменник,THEMATIC,природастихия,Едгар,МОРОЗ,дує на руки
thematic_жизньсмерть_10,die Leiche,труп,[ді ляйхе],іменник,THEMATIC,жизньсмерть,Олбані,ФІНАЛ,вказує на тіла
thematic_финал_3,die Leiche,труп,[ді ляйхе],іменник,THEMATIC,финал,Олбані,ЖАХІТТЯ,вказує на тіла
thematic_эмоции_1,die Liebe,любов,[ді лібе],іменник,THEMATIC,эмоции,Корделія,ЩИРІСТЬ,притискає руку до серця
thematic_власть_0,die Macht,влада,[ді махт],іменник,THEMATIC,власть,Лір,ВЕЛИЧ,піднімає скіпетр
thematic_семейныеузы_1,die Mutter,мати,[ді мутер],іменник,THEMATIC,семейныеузы,Лір,СПОГАД,згадує з болем
thematic_послания_2,die Nachricht,повідомлення,[ді нахріхт],іменник,THEMATIC,послания,Посланець,ТЕРМІНОВІСТЬ,передає згорток
thematic_природа_0,die Natur,природа,[ді натур],іменник,THEMATIC,природа,Едмунд,ВИКЛИК,піднімає руки до неба
thematic_финал_9,die Rache,помста,[ді рахе],іменник,THEMATIC,финал,Едгар,ВІДПЛАТА,вкладає меч у піхви
thematic_путешествиескитания_4,die Reise,подорож,[ді райзе],іменник,THEMATIC,путешествиескитания,Кент,КІНЕЦЬ,знімає маску
thematic_эмоции_9,die Reue,каяття,[ді ройє],іменник,THEMATIC,эмоции,Лір,РОЗКАЯННЯ,б'є себе в груди
thematic_путь_2,die Richtung,напрямок,[ді ріхтунґ],іменник,THEMATIC,путь,Блазень,РОЗГУБЛЕНІСТЬ,крутиться навколо
thematic_семейныеузы_5,die Schwester,сестра,[ді швестер],іменник,THEMATIC,семейныеузы,Гонерілья,ВОРОЖНЕЧА,дивиться з ненавистю
thematic_видетьипонимать_10,die Sicht,зір,[ді зіхт],іменник,THEMATIC,видетьипонимать,Глостер,ВНУТРІШНЄ БАЧЕННЯ,дивиться всередину себе
thematic_путь_11,die Spur,слід,[ді шпур],іменник,THEMATIC,путь,Кент,ВІРНІСТЬ,шукає сліди
thematic_путь_1,die Straße,дорога,[ді штрасе],іменник,THEMATIC,путь,Лір,КІНЕЦЬ,дивиться вперед
thematic_семейныеузы_2,die Tochter,дочка,[ді тохтер],іменник,THEMATIC,семейныеузы,Корделія,ПОКОРА,схиляє голову
thematic_безумиемудрость_9,die Torheit,глупость,[ˈtoːɐhaɪt],существительное,THEMATIC,безумиемудрость,Шут,ИРОНИЯ,Насмешливый поклон
thematic_эмоции_5,die Trauer,печаль,[ді трауер],іменник,THEMATIC,эмоции,Глостер,СКОРБОТА,схиляє голову
thematic_властьпредательство_4,die Treue,вірність,[ді тройє],іменник,THEMATIC,властьпредательство,Корделія,ЧИСТОТА,тримає руку на серці
thematic_семейныеузы_10,die Treue,вірність,[ді тройє],іменник,THEMATIC,семейныеузы,Корделія,ВІРНІСТЬ,тримає руку на серці
thematic_финал_5,die Träne,сльоза,[ді трене],іменник,THEMATIC,финал,Едгар,СКОРБОТА,витирає очі
thematic_входывыходы_2,die Tür,двері,[ді тюр],іменник,THEMATIC,входывыходы,Гонерілья,ВІДМОВА,грюкає дверима
thematic_домизгнание_10,die Verbannung,заслання,[ді фербанунґ],іменник,THEMATIC,домизгнание,Корделія,ПОВЕРНЕННЯ,повертається з армією
thematic_властьпредательство_11,die Verschwörung,заколот,[ді фершвьорунґ],іменник,THEMATIC,властьпредательство,Олбані,СПРАВЕДЛИВІСТЬ,піднімає меч правосуддя
thematic_безумие_4,die Verwirrung,смятение,[ди фер-ВИР-рунг],существительное,THEMATIC,безумие,Глостер,Растерянность,Хватание за голову
thematic_эмоции_8,die Verzweiflung,відчай,[ді ферцвайфлунґ],іменник,THEMATIC,эмоции,Глостер,БЕЗНАДІЯ,падає на коліна
thematic_безумиемудрость_1,die Weisheit,мудрость,[ˈvaɪshaɪt],существительное,THEMATIC,безумиемудрость,Шут,ПОНИМАНИЕ,Палец к губам в раздумье
thematic_эмоции_6,die Wut,лють,[ді вут],іменник,THEMATIC,эмоции,Лір,ШАЛЕНСТВО,рве волосся
thematic_природастихия_2,donnern,гриміти,[донерн],дієслово,THEMATIC,природастихия,Лір,БОЖЕВІЛЛЯ,хапається за голову
thematic_видетьипонимать_9,dunkel,темний,[дункель],прикметник,THEMATIC,видетьипонимать,Едмунд,ПІДСТУПНІСТЬ,ховає обличчя в тіні
thematic_характеры_9,edel,благородний,[едель],прикметник,THEMATIC,характеры,Олбані,БЛАГОРОДСТВО,піднімає меч
thematic_характеры_3,ehrlich,чесний,[ерліх],прикметник,THEMATIC,характеры,Кент,ЧЕСНІСТЬ,дивиться прямо
thematic_входывыходы_0,eintreten,входити,[айнтретен],дієслово,THEMATIC,входывыходы,Лір,ВЕЛИЧ,відчиняє двері величаво
thematic_глаголы_8_слов_11,enden,закінчуватися,[енден],дієслово,THEMATIC,глаголы_8_слов,Едгар,ФІНАЛ,схиляє голову
thematic_видетьипонимать_11,enthüllen,розкривати,[ентхюлен],дієслово,THEMATIC,видетьипонимать,Едгар,ВІДКРИТТЯ,знімає маску божевільного
thematic_глаголы_12_дополнительных_4,erblinden,осліпнути,[ерблінден],дієслово,THEMATIC,глаголы_12_дополнительных,Глостер,ЖАХІТТЯ,закриває очі руками
thematic_видетьипонимать_2,erkennen,розпізнавати,[еркенен],дієслово,THEMATIC,видетьипонимать,Лір,ПІЗНАННЯ,торкається обличчя дочки
thematic_глаголы_12_дополнительных_5,erkennen,впізнавати,[еркенен],дієслово,THEMATIC,глаголы_12_дополнительных,Лір,ПРОЗРІННЯ,торкається обличчя
thematic_безумиемудрость_10,erleuchten,просветлять,[ɛɐˈlɔʏxtən],глагол,THEMATIC,безумиемудрость,Корделия,ОЗАРЕНИЕ,Руки к небу
thematic_природастихия_7,erschüttern,потрясати,[ершютерн],дієслово,THEMATIC,природастихия,Лір,ПОТРЯСІННЯ,б'є ногою
thematic_глаголы_8_слов_8,erwachen,прокидатися,[ервахен],дієслово,THEMATIC,глаголы_8_слов,Лір,ПРОБУДЖЕННЯ,відкриває очі повільно
thematic_семья_3,erziehen,виховувати,[ерціен],дієслово,THEMATIC,семья,Лір,ДОКІР,вказує на дочок
thematic_глаголы_8_слов_7,fallen,падати,[фален],дієслово,THEMATIC,глаголы_8_слов,Глостер,ВІДЧАЙ,нахиляється вперед
thematic_характеры_4,falsch,фальшивий,[фальш],прикметник,THEMATIC,характеры,Гонерілья,ЛИЦЕМІРСТВО,надягає маску
thematic_входывыходы_9,fliehen,тікати,[фліен],дієслово,THEMATIC,входывыходы,Едгар,СТРАХ,озирається в страху
thematic_путешествиескитания_2,fliehen,тікати,[фліен],дієслово,THEMATIC,путешествиескитания,Едгар,СТРАХ,озирається в страху
thematic_послания_10,flüstern,шепотіти,[флюстерн],дієслово,THEMATIC,послания,Регана,ТАЄМНИЦЯ,нахиляється до вуха
thematic_путешествиескитания_8,folgen,слідувати,[фольґен],дієслово,THEMATIC,путешествиескитания,Кент,ВІРНІСТЬ,йде слідом
thematic_входывыходы_6,fortgehen,йти геть,[фортґеен],дієслово,THEMATIC,входывыходы,Кент,ВИГНАННЯ,накидає плащ
thematic_домизгнание_8,fortjagen,прогнати,[фортяґен],дієслово,THEMATIC,домизгнание,Регана,ЖОРСТОКІСТЬ,вказує на ворота
thematic_путь_5,führen,вести,[фюрен],дієслово,THEMATIC,путь,Едгар,ТУРБОТА,тримає за руку
thematic_жизньсмерть_5,gebären,народжувати,[ґеберен],дієслово,THEMATIC,жизньсмерть,Лір,ПИТАННЯ,дивиться на дочок
thematic_путь_3,gehen,йти,[ґеен],дієслово,THEMATIC,путь,Кент,РІШУЧІСТЬ,робить крок
thematic_власть_4,gehorchen,підкорятися,[ґехорхен],дієслово,THEMATIC,власть,Кент,ВІРНІСТЬ,схиляє голову з гідністю
thematic_характеры_1,grausam,жорстокий,[ґраузам],прикметник,THEMATIC,характеры,Регана,ЖОРСТОКІСТЬ,стискає кулаки
thematic_характеры_2,gütig,добрий,[ґютіґ],прикметник,THEMATIC,характеры,Корделія,ДОБРОТА,усміхається ніжно
thematic_семья_5,hassen,ненавидіти,[хасен],дієслово,THEMATIC,семья,Едмунд,НЕНАВИСТЬ,стискає кулаки
thematic_домизгнание_9,heimatlos,без дому,[хайматлос],прикметник,THEMATIC,домизгнание,Блазень,ІРОНІЯ,показує на бурю
thematic_путешествиескитания_10,heimkehren,повертатися додому,[хаймкерен],дієслово,THEMATIC,путешествиескитания,Корделія,ПОВЕРНЕННЯ,ступає на рідну землю
thematic_власть_1,herrschen,правити,[гершен],дієслово,THEMATIC,власть,Гонерілья,АМБІЦІЯ,випрямляє спину владно
thematic_входывыходы_4,hinausgehen,виходити,[хінаусґеен],дієслово,THEMATIC,входывыходы,Лір,БЕЗУМСТВО,йде в темряву
thematic_властьпредательство_5,hintergehen,обманути,[хінтерґеен],дієслово,THEMATIC,властьпредательство,Гонерілья,ЗМОВА,шепоче змовницьки
thematic_глаголы_12_дополнительных_10,hoffen,сподіватися,[хофен],дієслово,THEMATIC,глаголы_12_дополнительных,Едгар,НАДІЯ,дивиться вгору
thematic_безумие_5,irren,блуждать/заблуждаться,[ИР-рен],глагол,THEMATIC,безумие,Эдгар,Потерянность,Шатающаяся походка
thematic_путешествиескитания_6,irren,блудити,[ірен],дієслово,THEMATIC,путешествиескитания,Лір,БОЖЕВІЛЛЯ,кружляє безладно
thematic_видетьипонимать_8,klar,ясний,[клар],прикметник,THEMATIC,видетьипонимать,Блазень,ЯСНІСТЬ,показує відкритими долонями
thematic_безумиемудрость_3,klug,умный,[kluːk],прилагательное,THEMATIC,безумиемудрость,Корделия,РАЗУМ,Указание на голову
thematic_путь_4,kommen,приходити,[комен],дієслово,THEMATIC,путь,Корделія,ПОВЕРНЕННЯ,з'являється з армією
thematic_глаголы_12_дополнительных_8,kämpfen,боротися,[кемпфен],дієслово,THEMATIC,глаголы_12_дополнительных,Едгар,ЧЕСТЬ,піднімає меч
thematic_жизньсмерть_0,leben,жити,[лебен],дієслово,THEMATIC,жизньсмерть,Лір,НАДІЯ,обіймає Корделію
thematic_жизньсмерть_8,lebendig,живий,[лебендіґ],прикметник,THEMATIC,жизньсмерть,Глостер,НАДІЯ,хапається за серце
thematic_глаголы_12_дополнительных_9,leiden,страждати,[лайден],дієслово,THEMATIC,глаголы_12_дополнительных,Лір,МУКА,хапається за голову
thematic_послания_4,lesen,читати,[лезен],дієслово,THEMATIC,послания,Глостер,ШОК,розгортає лист
thematic_глаголы_12_дополнительных_0,lieben,любити,[лібен],дієслово,THEMATIC,глаголы_12_дополнительных,Лір,ОЧІКУВАННЯ,розкриває обійми
thematic_семья_4,lieben,любити,[лібен],дієслово,THEMATIC,семья,Корделія,ЩИРІСТЬ,притискає руку до серця
thematic_властьпредательство_3,loyal,вірний,[лояль],прикметник,THEMATIC,властьпредательство,Кент,ВІДДАНІСТЬ,стає на коліно
thematic_глаголы_12_дополнительных_1,lügen,брехати,[люґен],дієслово,THEMATIC,глаголы_12_дополнительных,Гонерілья,ЛИЦЕМІРСТВО,приховує усмішку
thematic_природа_11,nackt,голий,[накт],прикметник,THEMATIC,природа,Едгар,ІСТИНА,показує на себе
thematic_характеры_11,naiv,наївний,[наїв],прикметник,THEMATIC,характеры,Лір,НАЇВНІСТЬ,розводить руки
thematic_домизгнание_3,obdachlos,бездомний,[обдахлос],прикметник,THEMATIC,домизгнание,Лір,БЕЗПРИТУЛЬНІСТЬ,стоїть під дощем
thematic_власть_8,regieren,царювати,[реґірен],дієслово,THEMATIC,власть,Корделія,МУДРІСТЬ,притискає руку до серця
thematic_богатствонищета_0,reich,багатий,[райх],прикметник,THEMATIC,богатствонищета,Лір,ГОРДІСТЬ,розкидає уявні скарби
thematic_путешествиескитания_1,reisen,подорожувати,[райзен],дієслово,THEMATIC,путешествиескитания,Корделія,ВИГНАННЯ,дивиться на море
thematic_глаголы_8_слов_6,retten,рятувати,[ретен],дієслово,THEMATIC,глаголы_8_слов,Едгар,ПОРЯТУНОК,підтримує батька
thematic_глаголы_8_слов_10,rächen,мстити,[рехен],дієслово,THEMATIC,глаголы_8_слов,Едгар,ВІДПЛАТА,виймає меч
thematic_послания_1,schreiben,писати,[шрайбен],дієслово,THEMATIC,послания,Гонерілья,ЗМОВА,пише таємно
thematic_послания_11,schweigen,мовчати,[швайґен],дієслово,THEMATIC,послания,Корделія,ПРАВДА,відмовляється мовчати
thematic_глаголы_8_слов_1,schwören,клястися,[швьорен],дієслово,THEMATIC,глаголы_8_слов,Кент,КЛЯТВА,піднімає руку
thematic_видетьипонимать_0,sehen,бачити,[зеен],дієслово,THEMATIC,видетьипонимать,Глостер,ЖАЛЬ,торкається очей
thematic_послания_3,senden,надсилати,[зенден],дієслово,THEMATIC,послания,Корделія,ТУРБОТА,відправляє гінця
thematic_глаголы_8_слов_4,sich verstecken,ховатися,[зіх ферштекен],дієслово,THEMATIC,глаголы_8_слов,Едгар,МАСКУВАННЯ,накриває обличчя
thematic_глаголы_12_дополнительных_7,sterben,вмирати,[штербен],дієслово,THEMATIC,глаголы_12_дополнительных,Лір,КІНЕЦЬ,падає на коліна
thematic_жизньсмерть_1,sterben,вмирати,[штербен],дієслово,THEMATIC,жизньсмерть,Лір,КІНЕЦЬ,падає на коліна
thematic_финал_2,sterben,вмирати,[штербен],дієслово,THEMATIC,финал,Корделія,НЕВИННІСТЬ,лежить нерухомо
thematic_характеры_0,stolz,гордий,[штольц],прикметник,THEMATIC,характеры,Лір,ГОРДІСТЬ,піднімає підборіддя
thematic_путешествиескитания_7,suchen,шукати,[зухен],дієслово,THEMATIC,путешествиескитания,Едгар,ПОШУК,вдивляється в темряву
thematic_богатствонищета_6,teilen,ділити,[тайлен],дієслово,THEMATIC,богатствонищета,Лір,ФАТАЛЬНІСТЬ,розриває уявну карту
thematic_глаголы_8_слов_0,teilen,ділити,[тайлен],дієслово,THEMATIC,глаголы_8_слов,Лір,ФАТАЛЬНІСТЬ,розриває карту
thematic_глаголы_12_дополнительных_3,toben,лютувати,[тобен],дієслово,THEMATIC,глаголы_12_дополнительных,Лір,ШАЛЕНСТВО,потрясає кулаками
thematic_природастихия_0,toben,лютувати,[тобен],дієслово,THEMATIC,природастихия,Лір,ШАЛЕНСТВО,розкидає руки
thematic_безумие_9,tollkühn,безрассудный,[ТОЛЬ-кюн],прилагательное,THEMATIC,безумие,Кент,Отчаянная смелость,Бросок костей
thematic_жизньсмерть_9,tot,мертвий,[тот],прикметник,THEMATIC,жизньсмерть,Лір,ГОРЕ,тримає тіло Корделії
thematic_финал_7,trauern,горювати,[трауерн],дієслово,THEMATIC,финал,Олбані,ЖАЛОБА,стоїть в жалобі
thematic_семья_7,trennen,розлучати,[тренен],дієслово,THEMATIC,семья,Лір,РОЗРИВ,відштовхує
thematic_характеры_5,treu,вірний,[трой],прикметник,THEMATIC,характеры,Едгар,ВІРНІСТЬ,тримає руку батька
thematic_безумиемудрость_8,täuschen,обманывать,[ˈtɔʏʃən],глагол,THEMATIC,безумиемудрость,Эдмунд,ХИТРОСТЬ,Лживая улыбка
thematic_видетьипонимать_7,täuschen,обманювати,[тойшен],дієслово,THEMATIC,видетьипонимать,Гонерілья,ЛИЦЕМІРСТВО,усміхається фальшиво
thematic_властьпредательство_8,täuschen,обдурити,[тойшен],дієслово,THEMATIC,властьпредательство,Едгар,МАСКУВАННЯ,надягає маску божевільного
thematic_жизньсмерть_4,töten,вбивати,[тьотен],дієслово,THEMATIC,жизньсмерть,Едмунд,ЖОРСТОКІСТЬ,дає наказ катам
thematic_власть_9,unterwerfen,підкоряти,[унтерверфен],дієслово,THEMATIC,власть,Гонерілья,ТИРАНІЯ,стискає кулак
thematic_властьпредательство_10,untreu,невірний,[унтрой],прикметник,THEMATIC,властьпредательство,Лір,РОЗЧАРУВАННЯ,б'є себе в груди
thematic_домизгнание_1,verbannen,вигнати,[фербанен],дієслово,THEMATIC,домизгнание,Лір,ГНІВ,вказує на вихід
thematic_семья_8,vereinen,об'єднувати,[ферайнен],дієслово,THEMATIC,семья,Корделія,ПРИМИРЕННЯ,обіймає батька
thematic_глаголы_8_слов_2,verfluchen,проклинати,[ферфлухен],дієслово,THEMATIC,глаголы_8_слов,Лір,ПРОКЛЯТТЯ,простягає руку гнівно
thematic_глаголы_12_дополнительных_11,vergessen,забувати,[ферґесен],дієслово,THEMATIC,глаголы_12_дополнительных,Лір,ВТРАТА,блукає поглядом
thematic_послания_7,verkünden,оголошувати,[феркюнден],дієслово,THEMATIC,послания,Лір,ОФІЦІЙНІСТЬ,промовляє урочисто
thematic_входывыходы_1,verlassen,покидати,[ферласен],дієслово,THEMATIC,входывыходы,Корделія,РОЗЛУКА,відвертається зі сльозами
thematic_богатствонищета_8,verlieren,втрачати,[ферлірен],дієслово,THEMATIC,богатствонищета,Лір,СПУСТОШЕННЯ,розкриває порожні долоні
thematic_путешествиескитания_11,verloren,загублений,[ферлорен],прикметник,THEMATIC,путешествиескитания,Лір,ВТРАТА,озирається розгублено
thematic_природастихия_9,vernichten,знищувати,[ферніхтен],дієслово,THEMATIC,природастихия,Лір,РУЙНАЦІЯ,махає кулаками
thematic_властьпредательство_0,verraten,зраджувати,[ферратен],дієслово,THEMATIC,властьпредательство,Едмунд,ПІДСТУПНІСТЬ,ховає лист за спиною
thematic_послания_9,verraten,видавати,[ферратен],дієслово,THEMATIC,послания,Едгар,ВИКРИТТЯ,відкриває правду
thematic_безумие_1,verrückt,сумасшедший,[фер-РЮКТ],прилагательное,THEMATIC,безумие,Лир,Потеря ориентации,Кружение головой
thematic_безумиемудрость_2,verrückt,сумасшедший,[fɛɐˈrʏkt],прилагательное,THEMATIC,безумиемудрость,Эдгар,ПРИТВОРСТВО,Дикие глаза и жесты
thematic_властьпредательство_7,verschwören,змовлятися,[фершвьорен],дієслово,THEMATIC,властьпредательство,Регана,ТАЄМНИЦЯ,потискає руку таємно
thematic_видетьипонимать_4,verstehen,розуміти,[ферштеен],дієслово,THEMATIC,видетьипонимать,Корделія,НАДІЯ,притискає руку до серця
thematic_домизгнание_4,verstoßen,відкинути,[ферштосен],дієслово,THEMATIC,домизгнание,Глостер,ВІДЧУЖЕННЯ,відвертається з болем
thematic_семейныеузы_9,verstoßen,відректися,[ферштосен],дієслово,THEMATIC,семейныеузы,Лір,ВІДРЕЧЕННЯ,відвертається
thematic_входывыходы_10,vertreiben,виганяти,[фертрайбен],дієслово,THEMATIC,входывыходы,Лір,ГНІВ,вказує на двері
thematic_семейныеузы_7,verwandt,споріднений,[ферван��т],прикметник,THEMATIC,семейныеузы,Едгар,СПОРІДНЕНІСТЬ,простягає руку
thematic_безумие_11,verwirrt,сбитый с толку,[фер-ВИРТ],прилагательное,THEMATIC,безумие,Глостер,Непонимание,Разведение руками
thematic_безумиемудрость_5,verwirrt,смущённый,[fɛɐˈvɪʁt],прилагательное,THEMATIC,безумиемудрость,Глостер,ЗАМЕШАТЕЛЬСТВО,Качание головой
thematic_глаголы_12_дополнительных_6,verzeihen,прощати,[ферцайен],дієслово,THEMATIC,глаголы_12_дополнительных,Корделія,МИЛОСЕРДЯ,обіймає ніжно
thematic_путь_7,vorwärts,вперед,[форвертс],прислівник,THEMATIC,путь,Едмунд,АМБІЦІЯ,вказує вперед
thematic_характеры_6,wahnsinnig,божевільний,[ванзініґ],прикметник,THEMATIC,характеры,Лір,БОЖЕВІЛЛЯ,хапається за голову
thematic_глаголы_8_слов_3,wandern,блукати,[вандерн],дієслово,THEMATIC,глаголы_8_слов,Лір,БЛУКАННЯ,хитається безцільно
thematic_домизгнание_6,wandern,блукати,[вандерн],дієслово,THEMATIC,домизгнание,Едгар,СКИТАННЯ,йде босоніж
thematic_путешествиескитания_0,wandern,блукати,[вандерн],дієслово,THEMATIC,путешествиескитания,Лір,БЕЗЦІЛЬНІСТЬ,йде хитаючись
thematic_послания_8,warnen,попереджати,[варнен],дієслово,THEMATIC,послания,Блазень,ПРОРОЦТВО,піднімає палець
thematic_глаголы_12_дополнительных_2,weinen,плакати,[вайнен],дієслово,THEMATIC,глаголы_12_дополнительных,Корделія,СКОРБОТА,витирає сльози
thematic_финал_6,weinen,плакати,[вайнен],дієслово,THEMATIC,финал,Лір,ГОРЕ,схиляється над Корделією
thematic_характеры_7,weise,мудрий,[вайзе],прикметник,THEMATIC,характеры,Блазень,МУДРІСТЬ,підморгує
thematic_природа_10,wild,дикий,[вільд],прикметник,THEMATIC,природа,Лір,ЗДИЧАВІННЯ,рве одяг
thematic_безумие_3,wirr,спутанный,[ВИР],прилагательное,THEMATIC,безумие,Лир,Дезориентация,Блуждающий взгляд
thematic_природастихия_4,wüten,шаленіти,[вютен],дієслово,THEMATIC,природастихия,Лір,ХАОС,кружляє в танці
thematic_природастихия_11,zerreißen,розривати,[церрайсен],дієслово,THEMATIC,природастихия,Лір,РОЗПАД,рве одяг
thematic_природастихия_1,zittern,тремтіти,[цітерн],дієслово,THEMATIC,природастихия,Блазень,ХОЛОД,обіймає себе
thematic_путь_8,zurück,назад,[цурюк],прислівник,THEMATIC,путь,Лір,БЕЗПОВОРОТНІСТЬ,озирається
thematic_входывыходы_11,zurückkehren,повертатися,[цурюккерен],дієслово,THEMATIC,входывыходы,Корделія,ПРОЩЕННЯ,обіймає батька
thematic_семья_6,zusammen,разом,[цузамен],прислівник,THEMATIC,семья,Лір,НОСТАЛЬГІЯ,згадує минуле
thematic_природастихия_3,überfluten,затоплювати,[юберфлутен],дієслово,THEMATIC,природастихия,Кент,ПОТОП,показує на потоки
thematic_жизньсмерть_11,überleben,вижити,[юберлебен],дієслово,THEMATIC,жизньсмерть,Едгар,СТІЙКІСТЬ,дивиться вперед
